,wine name,winery,wine year,wine rating,wine price,wine region,wine country,grape information,wine acidity,wine intensity,wine sweetness,wine tannin,wine description
0,Colheita Port (Single Year Tawny),Smith Woodhouse,2000,4.2,55.99,Porto,Portugal,Touriga Nacional,,,,,
1,Colheita Malmsey Madeira (Single Harvest),Blandy's,1999,4.2,57.2,Malmsey Madeira,Portugal,Verdelho,3.9591415,4.6382017,4.667680000000001,,
2,Quinta do Panascal Vintage Port,Fonseca,2005,4.2,57.99,Porto,Portugal,Touriga Nacional,,,,,
3,Vintage Port,Quinta do Vesuvio,2012,4.2,59.95,Porto,Portugal,Touriga Nacional,,,,,
4,Vintage Port,Kopke,2005,4.3,59.99,Porto,Portugal,Touriga Nacional,,,,,
5,Colheita Porto,Quinta do Crasto,1997,4.4,60.0,Porto,Portugal,Touriga Nacional,,,,,
6,Iteration Cabernet Sauvignon,Schweiger Vineyards,N.V.,4.1,60.0,Spring Mountain District,United States,,,,,,
7,Quinta do Bomfim Vintage Port,Dow's,2006,4.2,62.99,Porto,Portugal,Touriga Nacional,,,,,
8,Quinta de Vargellas Vintage Port,Taylor's,2005,4.3,64.76,Porto,Portugal,Touriga Nacional,,,,,
9,Vintage Porto,Ramos Pinto,2007,4.0,64.95,Porto,Portugal,Touriga Nacional,,,,,
10,Vintage Porto,Ramos Pinto,2004,4.2,64.95,Porto,Portugal,Touriga Nacional,,,,,
11,Vintage Porto,Ramos Pinto,1995,4.4,64.95,Porto,Portugal,Touriga Nacional,,,,,
12,Vintage Port,Ferreira,1994,4.6,64.99,Porto,Portugal,Touriga Nacional,,,,,
13,Quinta Senhora da Ribeira Vintage Port,Dow's,2015,4.2,64.99,Porto,Portugal,Touriga Nacional,,,,,
14,Vintage Port,Quinta do Vesuvio,2001,4.1,66.99,Porto,Portugal,Touriga Nacional,,,,,
15,Quinta dos Malvedos Vintage Port,W. & J. Graham's,2005,4.2,67.99,Porto,Portugal,Touriga Nacional,,,,,
16,Quinta Senhora da Ribeira Vintage Port,Dow's,2009,4.2,68.99,Porto,Portugal,Touriga Nacional,,,,,
17,Vintage Port,Maynard's,2016,4.3,68.99,Porto,Portugal,Touriga Nacional,,,,,
18,Vintage Porto,Ramos Pinto,2003,3.9,69.95,Porto,Portugal,Touriga Nacional,,,,,
19,Quinta do Seixo Vintage Port,Sandeman,2017,4.8,70.99,Porto,Portugal,Touriga Nacional,,,,,
20,Madeira Colheita,Broadbent,1996,4.2,70.99,Madeira,Portugal,Verdelho,3.9563403,4.7735567,5.0,,
21,Vintage Port,Warre's,2011,4.3,71.95,Porto,Portugal,Touriga Nacional,,,,,
22,Boal Madeira Colheita Harvest,H. M. Borges,1995,4.1,73.99,Madeira,Portugal,Verdelho,3.8516328,4.591837,4.591837,,
23,Vintage Port,Quinta do Noval,2012,4.1,73.99,Porto,Portugal,Touriga Nacional,,,,,
24,Vintage Port,Quinta do Vesuvio,2003,4.3,74.99,Porto,Portugal,Touriga Nacional,,,,,
25,Vintage Port,Croft,2009,3.9,74.99,Porto,Portugal,Touriga Nacional,,,,,
26,Vintage Port,Quinta do Vale Meão,2013,4.3,74.99,Porto,Portugal,Touriga Nacional,,,,,
27,Vintage Port,Warre's,2003,4.1,75.56,Porto,Portugal,Touriga Nacional,,,,,
28,Quinta Senhora da Ribeira Vintage Port,Dow's,2013,4.2,76.99,Porto,Portugal,Touriga Nacional,,,,,
29,Vintage Port,Quinta do Vesuvio,2017,4.3,79.99,Porto,Portugal,Touriga Nacional,,,,,
30,Vintage Port,Quinta do Vesuvio,2015,4.3,79.99,Porto,Portugal,Touriga Nacional,,,,,
31,Vintage Port,Quinta do Noval,2016,4.4,79.99,Porto,Portugal,Touriga Nacional,,,,,
32,Vintage Port,W. & J. Graham's,2000,4.4,79.99,Porto,Portugal,Touriga Nacional,,,,,
33,Vintage Port,Warre's,2016,4.3,80.95,Porto,Portugal,Touriga Nacional,,,,,
34,Don PX Gran Reserva,Toro Albalá,1990,4.4,84.99,Montilla-Moriles,Spain,Pedro Ximenez,3.0141351000000003,4.960364,4.97245,,
35,Vintage Port,Sandeman,2007,4.0,87.99,Porto,Portugal,Touriga Nacional,,,,,
36,Vintage Port,Quinta do Vale Meão,2014,4.3,89.0,Porto,Portugal,Touriga Nacional,,,,,
37,Vintage Port,Croft,2016,4.4,89.95,Porto,Portugal,Touriga Nacional,,,,,
38,Vintage Port,Cockburn's,2016,4.1,89.99,Porto,Portugal,Touriga Nacional,,,,,
39,Vintage Port,Fonseca,2007,4.4,89.99,Porto,Portugal,Touriga Nacional,,,,,
40,Vintage Port,Dow's,2016,4.4,89.99,Porto,Portugal,Touriga Nacional,,,,,
41,Quinta dos Malvedos Vintage Port,W. & J. Graham's,2004,4.2,90.99,Porto,Portugal,Touriga Nacional,,,,,
42,Vintage Port,Ferreira,2016,4.3,90.99,Porto,Portugal,Touriga Nacional,,,,,
43,Vintage Port,Ferreira,2011,4.5,90.99,Porto,Portugal,Touriga Nacional,,,,,
44,Vintage Port,Croft,2011,4.4,92.99,Porto,Portugal,Touriga Nacional,,,,,
45,Vintage Port,Fonseca,2009,4.2,94.99,Porto,Portugal,Touriga Nacional,,,,,
46,Vintage Port,Fonseca,2016,4.2,96.12,Porto,Portugal,Touriga Nacional,,,,,
47,Vintage Port,Croft,2017,4.2,97.16,Porto,Portugal,Touriga Nacional,,,,,
48,Porto Vintage,Quinta Nova de Nossa Senhora do Carmo,1997,4.4,99.95,Porto,Portugal,Touriga Nacional,,,,,
49,Vintage Port,Taylor's,2011,4.5,99.95,Porto,Portugal,Touriga Nacional,,,,,
50,Vintage Port,W. & J. Graham's,2011,4.5,99.95,Porto,Portugal,Touriga Nacional,,,,,
51,Vintage Port,Croft,2007,4.0,99.99,Porto,Portugal,Touriga Nacional,,,,,
52,Vintage Port,Niepoort,2015,4.2,99.99,Porto,Portugal,Touriga Nacional,,,,,
53,Vintage Port,Quinta de La Rosa,2012,3.8,101.99,Porto,Portugal,Touriga Nacional,,,,,
54,30 Years Old Tawny Porto,Sandeman,N.V.,4.5,104.99,Porto,Portugal,Touriga Nacional,,,,,
55,Vintage Port,Croft,2003,4.0,105.99,Porto,Portugal,Touriga Nacional,,,,,
56,Vintage Port,Fonseca,2017,4.4,107.96,Porto,Portugal,Touriga Nacional,,,,,
57,Vintage Port,Taylor's,2017,4.4,107.96,Porto,Portugal,Touriga Nacional,,,,,
58,Vintage Port,Taylor's,2016,4.5,107.96,Porto,Portugal,Touriga Nacional,,,,,
59,Vintage Port,Churchill's,2003,4.1,107.99,Porto,Portugal,Touriga Nacional,,,,,
60,Vintage Port,Churchill's,2016,4.1,109.0,Porto,Portugal,Touriga Nacional,,,,,
61,Vintage Port,W. & J. Graham's,2016,4.3,109.95,Porto,Portugal,Touriga Nacional,,,,,
62,30 Year Old Tawny Port,Ramos Pinto,N.V.,4.5,114.99,Porto,Portugal,Touriga Nacional,,,,,
63,Vintage Port,Dow's,2017,4.3,119.95,Porto,Portugal,Touriga Nacional,,,,,
64,30 Year Old Tawny Port,W. & J. Graham's,N.V.,4.5,119.95,Porto,Portugal,Touriga Nacional,,,,,
65,Vintage Port,Churchill's,2011,4.5,119.99,Porto,Portugal,Touriga Nacional,,,,,
66,30 Year Old Tawny Port,Taylor's,N.V.,4.5,119.99,Porto,Portugal,Touriga Nacional,,,,,
67,Vintage Port,Quinta do Noval,2017,4.6,119.99,Porto,Portugal,Touriga Nacional,,,,,
68,Vintage Port,Taylor's,2003,4.5,121.99,Porto,Portugal,Touriga Nacional,,,,,
69,Vintage Port,Sandeman,2016,4.2,124.95,Porto,Portugal,Touriga Nacional,,,,,
70,Vintage Port,Dow's,1994,4.5,124.99,Porto,Portugal,Touriga Nacional,,,,,
71,Vintage Port,Quinta do Noval,2015,4.3,124.99,Porto,Portugal,Touriga Nacional,,,,,
72,Vintage Porto,Ramos Pinto,1997,4.1,127.99,Porto,Portugal,Touriga Nacional,,,,,
73,Vintage Port,Dow's,2000,4.4,127.99,Porto,Portugal,Touriga Nacional,,,,,
74,Vintage Porto,Ramos Pinto,1983,4.3,129.95,Porto,Portugal,Touriga Nacional,,,,,
75,Vintage Port,Taylor's,2009,4.3,129.99,Porto,Portugal,Touriga Nacional,,,,,
76,Vintage Port,Quinta do Vesuvio,2016,4.4,129.99,Porto,Portugal,Touriga Nacional,,,,,
77,Vintage Port,Dow's,1985,4.4,129.99,Porto,Portugal,Touriga Nacional,,,,,
78,Vintage Port,Warre's,1985,4.5,129.99,Porto,Portugal,Touriga Nacional,,,,,
79,Vintage Port,Dow's,2003,4.4,133.99,Porto,Portugal,Touriga Nacional,,,,,
80,Vintage Port,Ferreira,2018,4.9,139.0,Porto,Portugal,Touriga Nacional,,,,,
81,Vintage Porto,Ramos Pinto,2011,4.3,139.95,Porto,Portugal,Touriga Nacional,,,,,
82,Vintage Port,Sandeman,2011,4.5,139.99,Porto,Portugal,Touriga Nacional,,,,,
83,Vintage Porto,Ramos Pinto,1982,4.5,144.99,Porto,Portugal,Touriga Nacional,,,,,
84,Vintage Port,Smith Woodhouse,1994,4.3,149.97,Porto,Portugal,Touriga Nacional,,,,,
85,Vintage Port,W. & J. Graham's,2017,4.5,149.99,Porto,Portugal,Touriga Nacional,,,,,
86,40 Years Old Tawny Porto,Sandeman,N.V.,4.6,149.99,Porto,Portugal,Touriga Nacional,,,,,
87,Vintage Port,Taylor's,1997,4.5,153.99,Porto,Portugal,Touriga Nacional,,,,,
88,30 Years Old Tawny Port,Kopke,N.V.,4.3,155.99,Porto,Portugal,Touriga Nacional,,,,,
89,Jerez-Xeres-Sherry 30 Year Old Amontillado VORS,Lustau,N.V.,4.2,155.99,Jerez-Xérès-Sherry,Spain,Palomino,4.188788,4.260707,2.8133334999999997,,
90,Vintage Port,Warre's,1994,4.4,169.99,Porto,Portugal,Touriga Nacional,,,,,
91,Vintage Port,Warre's,1980,4.4,174.99,Porto,Portugal,Touriga Nacional,,,,,
92,Vintage Port,W. & J. Graham's,1975,4.3,175.0,Porto,Portugal,Touriga Nacional,,,,,
93,Colheita Port,Messias,1980,4.4,179.99,Porto,Portugal,Touriga Nacional,,,,,
94,Colheita Port,Messias,1977,4.5,189.99,Porto,Portugal,Touriga Nacional,,,,,
95,Terrantez Madeira,D'Oliveiras,1988,4.3,189.99,Madeira,Portugal,Verdelho,4.0421886,4.756930400000001,4.728875599999999,,
96,40 Year Old Tawny Port,W. & J. Graham's,N.V.,4.6,189.99,Porto,Portugal,Touriga Nacional,,,,,
97,Vintage Port,W. & J. Graham's,1977,4.5,195.0,Porto,Portugal,Touriga Nacional,,,,,
98,Quinta de Vargellas Vintage Port,Taylor's,2000,4.3,199.95,Porto,Portugal,Touriga Nacional,,,,,
99,40 Year Old Tawny Port,Taylor's,N.V.,4.6,214.95,Porto,Portugal,Touriga Nacional,,,,,
100,40 Years Old Tawny Port,Kopke,N.V.,4.4,256.99,Porto,Portugal,Touriga Nacional,,,,,
101,Verdelho Madeira,D'Oliveiras,1981,4.3,268.92,Madeira,Portugal,Verdelho,3.9911415999999997,4.8969830000000005,4.8604894,,
102,Boal Madeira,D'Oliveiras,1977,4.4,269.96,Madeira,Portugal,Verdelho,3.9585782999999997,4.737891,4.794976,,
103,Very Old Single Harvest Port,Taylor's,1968,4.7,269.99,Porto,Portugal,Touriga Nacional,,,,,
104,Vintage Port,W. & J. Graham's,1970,4.6,275.0,Porto,Portugal,Touriga Nacional,,,,,
105,Very Old Single Harvest Port,Taylor's,1970,4.8,299.99,Porto,Portugal,Touriga Nacional,,,,,
106,Vintage Port,Taylor's,1994,4.7,299.99,Porto,Portugal,Touriga Nacional,,,,,
107,Terrantez Madeira,D'Oliveiras,1971,4.6,299.99,Madeira,Portugal,Verdelho,4.0421886,4.756930400000001,4.728875599999999,,
108,Vintage Port,Cockburn's,1970,4.4,300.0,Porto,Portugal,Touriga Nacional,,,,,
109,Vintage Port,Taylor's,1992,4.7,369.0,Porto,Portugal,Touriga Nacional,,,,,
110,Colheita Port,Messias,1963,4.4,474.99,Porto,Portugal,Touriga Nacional,,,,,
111,Vintage Port,Cockburn's,1963,4.7,567.99,Porto,Portugal,Touriga Nacional,,,,,
112,Vintage Port Nacional,Quinta do Noval,2004,4.7,594.99,Porto,Portugal,Touriga Nacional,,,,,
113,Colheita Port,Kopke,1938,4.5,999.99,Porto,Portugal,Touriga Nacional,,,,,
114,Vintage Port Boa Vista,Offley,1983,4.3,86.5,Porto,Portugal,Touriga Nacional,,,,,
115,Quinta da Eira Velha Single Quinta Vintage Port,Martinez Gassiot,1994,4.2,100.0,Porto,Portugal,Touriga Nacional,,,,,
116,Late Bottled Vintage Port,Churchill's,2000,4.2,89.99,Porto,Portugal,Touriga Nacional,,,,,
117,Vintage Port,Ferreira,1977,4.3,110.0,Porto,Portugal,Touriga Nacional,,,,,
118,Vintage Port,Cockburn's,1960,4.5,295.0,Porto,Portugal,Touriga Nacional,,,,,
119,Late Bottled Vintage Porto,Noble & Murat,2012,4.1,57.99,Porto,Portugal,Touriga Nacional,,,,,
120,Port,Ponte,N.V.,4.2,55.0,South Coast,United States,,,,,,
121,Vintage Port,W. & J. Graham's,1991,4.3,99.99,Porto,Portugal,Touriga Nacional,,,,,
122,Vintage Port,Gould Campbell,1977,4.5,165.0,Porto,Portugal,Touriga Nacional,,,,,
123,Vintage Port,Warre's,1991,4.1,69.99,Porto,Portugal,Touriga Nacional,,,,,
124,30 Year Old Bual Madeira (Medium Rich),Blandy's,N.V.,4.4,141.28,Bual Madeira,Portugal,Verdelho,4.1597957999999995,5.0,4.6330614,,
125,Quinta da Agua Alta Vintage Porto,Churchill's,1995,4.0,109.99,Porto,Portugal,Touriga Nacional,,,,,
126,Sercial Madeira,D'Oliveiras,1937,4.7,460.0,Madeira,Portugal,Verdelho,4.1519723,4.9368334,4.206722,,
127,Vintage Port,Fonseca,1963,4.7,349.0,Porto,Portugal,Touriga Nacional,,,,,
128,Velo Flor,Bodegas Alonso,N.V.,4.1,60.0,Manzanilla,Spain,Palomino,3.4345822,3.8397985,2.4733717,,
129,Port Vintage Quinta Do Cachão,Messias,1984,3.9,101.69,Porto,Portugal,Touriga Nacional,,,,,
130,Colheita Port,Messias,1995,4.1,73.23,Porto,Portugal,Touriga Nacional,,,,,
131,Colheita Porto,Barros,1983,4.4,133.44,Porto,Portugal,Touriga Nacional,,,,,
132,Colheita Port,Messias,1965,4.8,323.99,Porto,Portugal,Touriga Nacional,,,,,
133,Vintage Port,Quinta do Vesuvio,2007,4.4,78.0,Porto,Portugal,Touriga Nacional,,,,,
134,Vintage Port,Quinta do Vesuvio,1990,4.5,89.0,Porto,Portugal,Touriga Nacional,,,,,
135,Dalva Tawny 40 Years Old Port,C. da Silva,N.V.,4.4,131.86,Porto,Portugal,Touriga Nacional,,,,,
136,Vintage Port,Cockburn's,2007,4.5,91.55,Porto,Portugal,Touriga Nacional,,,,,
137,Colheita Port,Kopke,1983,4.4,170.94,Porto,Portugal,Touriga Nacional,,,,,
138,Vintage Port,Quinta do Portal,1999,3.8,70.78,Porto,Portugal,Touriga Nacional,,,,,
139,Single Harvest Tawny Port,W. & J. Graham's,1952,4.7,853.77,Porto,Portugal,Touriga Nacional,,,,,
140,Vintage Port,Delaforce,2011,4.5,57.99,Porto,Portugal,Touriga Nacional,,,,,
141,Colheita Port,Quevedo,1992,4.2,67.18,Porto,Portugal,Touriga Nacional,,,,,
142,Colheita Port,Krohn,1997,4.0,59.99,Porto,Portugal,Touriga Nacional,,,,,
143,Vintage Port,Quinta de La Rosa,2014,4.4,55.58,Porto,Portugal,Touriga Nacional,,,,,
144,Vintage Port,Kopke,2011,4.3,99.99,Porto,Portugal,Touriga Nacional,,,,,
145,Port Tawny Colheita,Quinta do Noval,1986,4.5,222.85,Porto,Portugal,Touriga Nacional,,,,,
146,Colheita Port,Poças,1967,4.5,249.54,Porto,Portugal,Touriga Nacional,,,,,
147,Verdelho Madeira,D'Oliveiras,1986,4.3,155.0,Madeira,Portugal,Verdelho,3.9911415999999997,4.8969830000000005,4.8604894,,
148,Vintage Port,Quinta do Vesuvio,1995,4.4,113.53,Porto,Portugal,Touriga Nacional,,,,,
149,Vintage Port,Dow's,1991,4.4,88.92,Porto,Portugal,Touriga Nacional,,,,,
150,Quinta do Bomfim Vintage Port,Dow's,2005,4.0,55.99,Porto,Portugal,Touriga Nacional,,,,,
151,Vintage Port,Quinta do Crasto,2015,4.1,55.0,Porto,Portugal,Touriga Nacional,,,,,
152,Quinta do Bomfim Vintage Port,Dow's,1992,4.2,85.93,Porto,Portugal,Touriga Nacional,,,,,
153,Quinta da Roeda Vintage Port,Croft,2002,4.1,84.28,Porto,Portugal,Touriga Nacional,,,,,
154,Vintage Port,Fonseca,1992,4.5,95.0,Porto,Portugal,Touriga Nacional,,,,,
155,Corte Vintage Port,Delaforce,1997,4.1,79.99,Porto,Portugal,Touriga Nacional,,,,,
156,Colheita Port,Kopke,1957,4.6,289.99,Porto,Portugal,Touriga Nacional,,,,,
157,Vintage Port,Quinta do Vesuvio,2004,4.3,61.99,Porto,Portugal,Touriga Nacional,,,,,
158,Vintage Port,Quinta do Infantado,1997,4.2,82.45,Porto,Portugal,Touriga Nacional,,,,,
159,Quinta dos Malvedos Vintage Port,W. & J. Graham's,2009,4.2,59.99,Porto,Portugal,Touriga Nacional,,,,,
160,Colheita Port,Poças,1994,3.9,59.99,Porto,Portugal,Touriga Nacional,,,,,
161,Very Old Single Harvest Port,Taylor's,1965,4.7,294.9,Porto,Portugal,Touriga Nacional,,,,,
162,Vintage Port,Delaforce,2000,4.0,59.99,Porto,Portugal,Touriga Nacional,,,,,
163,Vintage Port,Taylor's,1963,4.7,399.99,Porto,Portugal,Touriga Nacional,,,,,
164,Vintage Port,Cockburn's,1997,4.4,99.99,Porto,Portugal,Touriga Nacional,,,,,
165,Vintage Port,Fonseca,1994,4.6,169.0,Porto,Portugal,Touriga Nacional,,,,,
166,Very Old Single Harvest Port,Taylor's,1964,4.7,284.9,Porto,Portugal,Touriga Nacional,,,,,
167,Oloroso Tradición Vors 30 Years,Bodegas Tradición,N.V.,4.3,89.99,Oloroso Sherry,Spain,Palomino,3.7752736000000002,4.000175,3.0937638,,
168,Boal Single Harvest Madeira,Henriques & Henriques,2000,4.3,74.99,Madeira,Portugal,Verdelho,3.9969281999999997,4.47358,4.745866,,
169,Colheita Port,Kopke,1937,4.8,907.48,Porto,Portugal,Touriga Nacional,,,,,
170,Vintage Port,Smith Woodhouse,1980,4.3,89.99,Porto,Portugal,Touriga Nacional,,,,,
171,Colheita Port,Kopke,1987,4.4,89.99,Porto,Portugal,Touriga Nacional,,,,,
172,Porto White Colheita,Kopke,2003,4.1,77.01,Porto,Portugal,Touriga Nacional,,,,,
173,20 Years Old Tawny Port,Dow's,2020,4.4,56.99,Porto,Portugal,Touriga Nacional,,,,,
174,Vintage Port,Dow's,1997,4.3,74.94,Porto,Portugal,Touriga Nacional,,,,,
175,Very Old Single Harvest Port,Taylor's,1969,4.7,249.99,Porto,Portugal,Touriga Nacional,,,,,
176,Vintage Porto,Ramos Pinto,1994,4.3,75.0,Porto,Portugal,Touriga Nacional,,,,,
177,Vintage Port,Quinta do Portal,2000,3.9,81.78,Porto,Portugal,Touriga Nacional,,,,,
178,Vintage Port,Quinta do Portal,1995,4.6,97.65,Porto,Portugal,Touriga Nacional,,,,,
179,Vintage Port,Niepoort,2017,4.6,84.99,Porto,Portugal,Touriga Nacional,,,,,
180,Don PX Convento Selección,Toro Albalá,1955,4.7,299.0,Montilla-Moriles,Spain,Pedro Ximenez,2.9062164,4.9002385,4.937233999999999,,
181,Colheita Port,Kopke,1978,4.5,166.36,Porto,Portugal,Touriga Nacional,,,,,
182,Vintage Port,Quinta do Noval,2000,4.4,270.31,Porto,Portugal,Touriga Nacional,,,,,
183,Dalva Vintage Porto,C. da Silva,2011,4.0,73.23,Porto,Portugal,Touriga Nacional,,,,,
184,Quinta da Roeda Vintage Port,Croft,1995,4.2,69.0,Porto,Portugal,Touriga Nacional,,,,,
185,Late Bottled Vintage Unfiltered Port,Fonseca,2005,3.9,105.99,Porto,Portugal,Touriga Nacional,,,,,
186,Vintage Porto,Ramos Pinto,1985,4.4,139.85,Porto,Portugal,Touriga Nacional,,,,,
187,Vintage Port,Quinta do Noval,1982,4.3,64.0,Porto,Portugal,Touriga Nacional,,,,,
188,Vintage Port,Quinta do Noval,1963,4.7,280.0,Porto,Portugal,Touriga Nacional,,,,,
189,Vintage Port,Cockburn's,1983,4.3,119.0,Porto,Portugal,Touriga Nacional,,,,,
190,Vintage Port,Sandeman,1994,4.4,99.99,Porto,Portugal,Touriga Nacional,,,,,
191,Vintage Port,Churchill's,1994,4.4,99.93,Porto,Portugal,Touriga Nacional,,,,,
192,Boal Madeira,D'Oliveiras,1987,4.4,139.0,Madeira,Portugal,Verdelho,3.9585782999999997,4.737891,4.794976,,
193,Adelaide Vintage Port,Quinta do Vallado,2009,4.5,89.99,Porto,Portugal,Touriga Nacional,,,,,
194,Vintage Port,Gould Campbell,1980,4.3,149.99,Porto,Portugal,Touriga Nacional,,,,,
195,Vintage Port,W. & J. Graham's,1985,4.5,136.5,Porto,Portugal,Touriga Nacional,,,,,
196,Vintage Port,Croft,1975,4.1,211.5,Porto,Portugal,Touriga Nacional,,,,,
197,Vintage Port,Warre's,1983,4.3,70.0,Porto,Portugal,Touriga Nacional,,,,,
198,Vintage Port,Taylor's,1970,4.7,749.0,Porto,Portugal,Touriga Nacional,,,,,
199,Port Vintage Quinta Do Cachão,Messias,1983,4.1,64.0,Porto,Portugal,Touriga Nacional,,,,,
200,Porto Vintage,Quinta Nova de Nossa Senhora do Carmo,2013,4.3,80.0,Porto,Portugal,Touriga Nacional,,,,,
201,Vintage Port,Quinta do Vesuvio,1992,4.5,168.99,Porto,Portugal,Touriga Nacional,,,,,
202,Dalva Colheita Porto,C. da Silva,1968,4.7,409.0,Porto,Portugal,Touriga Nacional,,,,,
203,Colheita Port,Maynard's,1974,4.2,190.3,Porto,Portugal,Touriga Nacional,,,,,
204,Vintage Port,Poças,1996,3.9,56.8,Porto,Portugal,Touriga Nacional,,,,,
205,Colheita Single Harvest Tawny Port,Dow's,1972,4.2,360.63,Porto,Portugal,Touriga Nacional,,,,,
206,Vintage Port,Delaforce,2003,4.1,57.99,Porto,Portugal,Touriga Nacional,,,,,
207,Colheita Port,Krohn,1998,3.8,61.5,Porto,Portugal,Touriga Nacional,,,,,
208,Colheita Port,Krohn,1966,4.8,299.26,Porto,Portugal,Touriga Nacional,,,,,
209,Colheita Port,Krohn,1978,4.6,166.12,Porto,Portugal,Touriga Nacional,,,,,
210,Vintage Port,Quinta de Santa Eufémia,2008,4.4,60.0,Porto,Portugal,Touriga Nacional,,,,,
211,Colheita Port,Krohn,1968,4.8,299.0,Porto,Portugal,Touriga Nacional,,,,,
212,Port Vintage Quinta Do Cachão,Messias,1979,4.6,207.59,Porto,Portugal,Touriga Nacional,,,,,
213,Vintage Port,Quinta de La Rosa,2005,4.1,69.56,Porto,Portugal,Touriga Nacional,,,,,
214,Sercial Madeira,Blandy's,1975,4.5,129.58,Madeira,Portugal,Verdelho,4.021,4.7246,4.1842003,,
215,Vintage Port Nacional,Quinta do Noval,2000,4.8,600.0,Porto,Portugal,Touriga Nacional,,,,,
216,Vintage Port,Quinta do Noval,2004,4.3,175.77,Porto,Portugal,Touriga Nacional,,,,,
217,Vintage Port,Niepoort,1994,4.0,142.5,Porto,Portugal,Touriga Nacional,,,,,
218,Vintage Port,Croft,1994,4.3,59.99,Porto,Portugal,Touriga Nacional,,,,,
219,Vintage Port,Quinta do Infantado,2011,4.2,84.83,Porto,Portugal,Touriga Nacional,,,,,
220,Dalva 71 Golden White Colheita Porto,C. da Silva,1963,4.7,251.62,Porto,Portugal,Touriga Nacional,,,,,
221,Port Tawny Colheita,Quinta do Noval,1976,4.6,307.44,Porto,Portugal,Touriga Nacional,,,,,
222,Vintage Port,Dow's,1963,4.7,299.99,Porto,Portugal,Touriga Nacional,,,,,
223,Verdelho Madeira,D'Oliveiras,1973,4.6,215.0,Madeira,Portugal,Verdelho,3.9911415999999997,4.8969830000000005,4.8604894,,
224,Sercial Madeira,D'Oliveiras,1977,4.2,185.0,Madeira,Portugal,Verdelho,4.1519723,4.9368334,4.206722,,
225,Vintage Port,Quinta do Noval,1997,4.5,274.99,Porto,Portugal,Touriga Nacional,,,,,
226,Vintage Port,Niepoort,2011,4.7,101.99,Porto,Portugal,Touriga Nacional,,,,,
227,Porto Bioma Vintage Vinha Velha,Niepoort,2016,4.3,127.76,Porto,Portugal,Touriga Nacional,,,,,
228,Colheita Port,Kopke,1966,4.7,256.5,Porto,Portugal,Touriga Nacional,,,,,
229,Vintage Port,Niepoort,2000,4.3,124.83,Porto,Portugal,Touriga Nacional,,,,,
230,Quinta de Vargellas Vintage Port,Taylor's,1991,4.5,119.95,Porto,Portugal,Touriga Nacional,,,,,
231,Colheita Port,Kopke,2000,4.0,72.68,Porto,Portugal,Touriga Nacional,,,,,
232,Vintage Port,Gould Campbell,2000,4.2,70.64,Porto,Portugal,Touriga Nacional,,,,,
233,Colheita Port,Kopke,1967,4.6,139.99,Porto,Portugal,Touriga Nacional,,,,,
234,Vintage Port,Quinta do Vesuvio,2000,4.4,62.99,Porto,Portugal,Touriga Nacional,,,,,
235,Marqués de Poley Amontillado Selección 1951,Toro Albalá,1951,4.5,189.75,Montilla-Moriles,Spain,Pedro Ximenez,3.0,5.0,4.375926,,
236,Ginés Liébana Pedro Ximénez,Toro Albalá,1910,4.6,856.3,Montilla-Moriles,Spain,Pedro Ximenez,3.0,5.0,4.8323526,,
237,Vintage Port,W. & J. Graham's,1983,4.4,89.0,Porto,Portugal,Touriga Nacional,,,,,
238,Vintage Port,Fonseca,1997,4.3,78.93,Porto,Portugal,Touriga Nacional,,,,,
239,Colheita Port,Kopke,2003,4.2,58.02,Porto,Portugal,Touriga Nacional,,,,,
240,Vintage Port,Fonseca,2003,4.3,98.5,Porto,Portugal,Touriga Nacional,,,,,
241,Pintas Vintage Port,Wine & Soul,2016,4.3,93.62,Porto,Portugal,Touriga Nacional,,,,,
242,Pintas Vintage Port,Wine & Soul,2017,4.3,93.75,Porto,Portugal,Touriga Nacional,,,,,
243,Vintage Port,Quinta do Noval,2011,4.6,84.99,Porto,Portugal,Touriga Nacional,,,,,
244,Vintage Port,Cockburn's,2011,4.5,64.99,Porto,Portugal,Touriga Nacional,,,,,
245,Vintage Port,Taylor's,2007,4.2,74.0,Porto,Portugal,Touriga Nacional,,,,,
246,Dalva Vintage Porto,C. da Silva,2000,4.4,71.03,Porto,Portugal,Touriga Nacional,,,,,
247,Vintage Port,Dow's,2011,4.6,189.99,Porto,Portugal,Touriga Nacional,,,,,
248,Sercial Single Harvest Madeira,Henriques & Henriques,2001,4.3,74.99,Madeira,Portugal,Verdelho,3.9103627,4.7518134000000005,4.315751000000001,,
249,Guimaraens Vintage Port,Fonseca,2010,4.3,62.99,Porto,Portugal,Touriga Nacional,,,,,
250,Porto Bioma Vintage Vinha Velha,Niepoort,2009,3.8,200.0,Porto,Portugal,Touriga Nacional,,,,,
251,Vintage Port,Warre's,1966,4.5,249.0,Porto,Portugal,Touriga Nacional,,,,,
252,Vista Verde Vineyard Port,Williams Selyem,2012,4.2,56.0,San Benito County,United States,,,,,,
253,Vintage Port,Hooper's,1985,3.7,65.0,Porto,Portugal,Touriga Nacional,,,,,
254,Vintage Port,Quinta do Noval,1985,4.1,130.0,Porto,Portugal,Touriga Nacional,,,,,
255,Vintage Port,Royal Oporto,1985,4.4,65.0,Porto,Portugal,Touriga Nacional,,,,,
256,Vintage Port,Cockburn's,1985,4.3,70.0,Porto,Portugal,Touriga Nacional,,,,,
257,Vintage Port,Quinta do Crasto,2007,4.2,89.99,Porto,Portugal,Touriga Nacional,,,,,
258,Quinta do Vau Vintage Port,Sandeman,1997,4.0,79.0,Porto,Portugal,Touriga Nacional,,,,,
259,Vintage Port,Dow's,1970,4.5,215.0,Porto,Portugal,Touriga Nacional,,,,,
260,Vintage Port,Cálem,1977,4.5,169.0,Porto,Portugal,Touriga Nacional,,,,,
261,Colheita Porto,Barros,1975,4.7,81.99,Porto,Portugal,Touriga Nacional,,,,,
262,Casa del Inca Pedro Ximénez,Equipo Navazos,2013,4.2,55.99,Montilla-Moriles,Spain,Pedro Ximenez,3.0825925,4.861481700000001,4.866481299999999,,
263,Late Bottled Vintage Porto,Andresen,2011,3.9,97.65,Porto,Portugal,Touriga Nacional,,,,,
264,Vintage Port,Vista Alegre,2011,4.1,70.78,Porto,Portugal,Touriga Nacional,,,,,
265,Port Tawny Colheita,Quinta do Noval,1937,4.9,794.55,Porto,Portugal,Touriga Nacional,,,,,
266,Port Vintage Quinta Do Cachão,Messias,1982,4.2,116.65,Porto,Portugal,Touriga Nacional,,,,,
267,Colheita Port,Messias,1967,4.7,265.36,Porto,Portugal,Touriga Nacional,,,,,
268,Colheita Port,Burmester,1966,4.6,325.0,Porto,Portugal,Touriga Nacional,,,,,
269,Quinta de Ervamoira Vintage Porto,Ramos Pinto,1994,4.3,89.99,Porto,Portugal,Touriga Nacional,,,,,
270,Colheita Port,Maynard's,1970,4.3,200.81,Porto,Portugal,Touriga Nacional,,,,,
271,Pintas Vintage Port,Wine & Soul,2015,4.2,81.78,Porto,Portugal,Touriga Nacional,,,,,
272,Vintage Port,W. & J. Graham's,1966,4.7,374.5,Porto,Portugal,Touriga Nacional,,,,,
273,Vintage Port,Smith Woodhouse,1985,3.9,94.99,Porto,Portugal,Touriga Nacional,,,,,
274,Vintage Port,Quinta do Portal,1997,3.9,85.44,Porto,Portugal,Touriga Nacional,,,,,
275,Vintage Port,Quinta do Portal,2003,4.0,69.64,Porto,Portugal,Touriga Nacional,,,,,
276,Quinta de Vargellas Vintage Port,Taylor's,1995,4.3,88.92,Porto,Portugal,Touriga Nacional,,,,,
277,Vintage Port,Niepoort,2009,4.3,95.21,Porto,Portugal,Touriga Nacional,,,,,
278,Colheita Port,Krohn,1976,4.6,202.76,Porto,Portugal,Touriga Nacional,,,,,
279,Vintage Port,Quinta do Vale Meão,2012,4.3,75.0,Porto,Portugal,Touriga Nacional,,,,,
285,Port Vintage Quinta Do Cachão,Messias,1989,3.6,92.77,Porto,Portugal,Touriga Nacional,,,,,
286,Vintage Port,Quinta do Infantado,1978,4.3,145.35,Porto,Portugal,Touriga Nacional,,,,,
287,Vintage Port,Krohn,1967,4.6,311.5,Porto,Portugal,Touriga Nacional,,,,,
288,Porto Bioma Vintage Vinha Velha,Niepoort,2015,4.3,99.99,Porto,Portugal,Touriga Nacional,,,,,
289,Colheita Port,Kopke,1941,4.7,699.99,Porto,Portugal,Touriga Nacional,,,,,
290,Malvasia Madeira,D'Oliveiras,1907,4.7,1149.99,Madeira,Portugal,Verdelho,3.9606809999999997,4.9616346,4.9553127,,
291,Vintage Port,Niepoort,1987,4.5,176.5,Porto,Portugal,Touriga Nacional,,,,,
292,Vintage Port,Quinta de La Rosa,2011,4.2,99.99,Porto,Portugal,Touriga Nacional,,,,,
293,Vintage Port,W. & J. Graham's,2007,4.5,89.99,Porto,Portugal,Touriga Nacional,,,,,
294,Don PX Convento Selección,Toro Albalá,1946,4.8,325.0,Montilla-Moriles,Spain,Pedro Ximenez,2.9062164,4.9002385,4.937233999999999,,
295,Vintage Port,Warre's,1970,4.5,174.99,Porto,Portugal,Touriga Nacional,,,,,
296,Colheita Port,Niepoort,1934,4.8,1542.08,Porto,Portugal,Touriga Nacional,,,,,
297,Vintage Port,Niepoort,1982,4.4,239.47,Porto,Portugal,Touriga Nacional,,,,,
298,Quinta da Roeda Vintage Port,Croft,2004,4.3,80.62,Porto,Portugal,Touriga Nacional,,,,,
299,Vintage Port,Cockburn's,2000,4.4,87.99,Porto,Portugal,Touriga Nacional,,,,,
300,Sercial Madeira,Blandy's,1968,4.8,315.0,Madeira,Portugal,Verdelho,4.021,4.7246,4.1842003,,
301,Colheita Port,Kopke,1976,4.5,170.09,Porto,Portugal,Touriga Nacional,,,,,
302,Colheita Port,Kopke,1989,4.3,69.99,Porto,Portugal,Touriga Nacional,,,,,
303,Colheita Port,Kopke,2002,4.1,58.99,Porto,Portugal,Touriga Nacional,,,,,
304,Colheita Port,Kopke,1979,4.6,114.99,Porto,Portugal,Touriga Nacional,,,,,
305,Colheita Port,Poças,1992,4.1,68.22,Porto,Portugal,Touriga Nacional,,,,,
306,Guimaraens Vintage Port,Fonseca,2012,4.1,58.39,Porto,Portugal,Touriga Nacional,,,,,
307,Quinta de Vargellas Vintage Port,Taylor's,2004,4.1,279.99,Porto,Portugal,Touriga Nacional,,,,,
308,Colheita Porto,Barros,1998,4.1,75.67,Porto,Portugal,Touriga Nacional,,,,,
309,Vintage Port Nacional,Quinta do Noval,2001,4.8,719.99,Porto,Portugal,Touriga Nacional,,,,,
310,Vintage Port Nacional,Quinta do Noval,2003,4.6,895.0,Porto,Portugal,Touriga Nacional,,,,,
311,Vintage Port,Poças,2016,3.8,59.79,Porto,Portugal,Touriga Nacional,,,,,
312,Vintage Port,Quinta do Noval,2013,4.2,99.99,Porto,Portugal,Touriga Nacional,,,,,
313,Fine Tawny Port,Dow's,2000,3.9,89.98,Porto,Portugal,Touriga Nacional,,,,,
314,Rivesaltes (Vin Doux Naturel),Riveyrac,1968,4.5,124.99,Rivesaltes,France,,,,,,
315,20 Year Old Tawny Port,Fonseca,2006,4.3,109.56,Porto,Portugal,Touriga Nacional,,,,,
316,Vintage Port,Sandeman,1982,4.1,55.0,Porto,Portugal,Touriga Nacional,,,,,
317,Vintage Port,Churchill's,1991,4.2,60.0,Porto,Portugal,Touriga Nacional,,,,,
318,Quinta dos Malvedos Vintage Port,W. & J. Graham's,1995,4.4,64.99,Porto,Portugal,Touriga Nacional,,,,,
319,Vista Verde Vineyard Port,Williams Selyem,2011,4.1,59.99,San Benito County,United States,,,,,,
320,Vintage Port,Sandeman,2000,4.4,95.92,Porto,Portugal,Touriga Nacional,,,,,
321,Vintage Port,Quinta do Noval,1966,4.6,275.0,Porto,Portugal,Touriga Nacional,,,,,
322,Guimaraens Vintage Port,Fonseca,1991,4.1,89.0,Porto,Portugal,Touriga Nacional,,,,,
323,Silver Jubilee Vintage Port,Dow's,1977,4.4,159.0,,,Touriga Nacional,,,,,
324,Vintage Port,Taylor's,1975,4.5,324.5,Porto,Portugal,Touriga Nacional,,,,,
325,Vintage Port,Burmester,2000,4.0,99.99,Porto,Portugal,Touriga Nacional,,,,,
326,Vintage Port,Niepoort,1977,4.6,249.5,Porto,Portugal,Touriga Nacional,,,,,
327,Quinta dos Canais Vintage Port,Cockburn's,2010,4.1,64.13,Porto,Portugal,Touriga Nacional,,,,,
328,Colheita Port,Messias,1964,4.6,288.2,Porto,Portugal,Touriga Nacional,,,,,
329,Vintage Port,Smith Woodhouse,2000,4.1,99.98,Porto,Portugal,Touriga Nacional,,,,,
330,Porto Tawny Colheita,Cálem,1983,4.4,95.21,Porto,Portugal,Touriga Nacional,,,,,
331,Talentvs Porto,Seara d'Ordens,2016,4.5,83.67,Porto,Portugal,Touriga Nacional,3.1674797999999997,4.6566668,4.623171,,"Produced exclusively in the Douro Valley of Northern Portugal, Port wine with its unique characteristics has become a favorite the world over.

There are scores of  different grape varieties used in the production of port. This wine is more about the production methods used and the fortification with spirit than the nuances that the fruit has to offer.

Port is fortified. This means that there is an introduction of some type of distilled spirit to the wine during production. These wines can achieve an ABV of 20% or more.

You will encounter one of two main types of port. The first, Ruby Port, is the most common. It has a deep ruby color, is sweet, and has relatively little exposure to oak. Tawny Port is brown in color, is aged longer, and draws its color and character from longer exposure to oak.

This wine is commonly used for desserts or a night-cap. Vintage ports, with an actual year of production i.e 1985, are far less common and usually quite spendy. Most ports are associated with a length of time of aging, like a 4-year port, or 10-year port."
332,Colheita Port,Burmester,1983,4.4,95.99,Porto,Portugal,Touriga Nacional,,,,,
333,Vintage Port,Quinta do Vesuvio,1998,4.5,118.42,Porto,Portugal,Touriga Nacional,,,,,
334,Adelaide Vintage Port,Quinta do Vallado,2011,4.5,64.95,Porto,Portugal,Touriga Nacional,,,,,
335,Colheita Single Harvest Tawny Port,Dow's,1974,4.7,239.34,Porto,Portugal,Touriga Nacional,,,,,
336,Vintage Port,Quinta de Roriz,2003,4.1,79.98,Porto,Portugal,Touriga Nacional,,,,,
337,Vintage Port,Quinta do Infantado,1981,4.5,160.62,Porto,Portugal,Touriga Nacional,,,,,
338,Vintage Port,Poças,2007,3.7,61.01,Porto,Portugal,Touriga Nacional,,,,,
339,Vintage Port,Churchill's,2000,4.0,57.99,Porto,Portugal,Touriga Nacional,,,,,
340,Adelaide Vintage Port,Quinta do Vallado,2014,4.2,274.09,Porto,Portugal,Touriga Nacional,,,,,
341,Port Tawny Colheita,Quinta do Noval,2000,4.2,73.35,Porto,Portugal,Touriga Nacional,,,,,
342,Vintage Port,Taylor's,1977,4.7,299.0,Porto,Portugal,Touriga Nacional,,,,,
343,Special Selection Colheita Porto,Andresen,1968,4.6,216.62,Porto,Portugal,Touriga Nacional,,,,,
344,Vintage Port,Croft,1985,3.8,69.0,Porto,Portugal,Touriga Nacional,,,,,
345,Sercial Madeira,D'Oliveiras,1969,4.4,245.0,Madeira,Portugal,Verdelho,4.1519723,4.9368334,4.206722,,
346,Vintage Port,Fonseca,1970,4.6,273.44,Porto,Portugal,Touriga Nacional,,,,,
347,Vintage Port,Cockburn's,1994,4.0,69.95,Porto,Portugal,Touriga Nacional,,,,,
348,Vintage Port,Niepoort,2005,4.3,119.46,Porto,Portugal,Touriga Nacional,,,,,
349,Maury,L'Archiviste,1978,4.4,73.29,Maury,France,,,,,,
350,Quinta Senhora da Ribeira Vintage Port,Dow's,1998,4.3,59.99,Porto,Portugal,Touriga Nacional,,,,,
351,Rivesaltes (Vin Doux Naturel),Riveyrac,1966,4.4,117.26,Rivesaltes,France,,,,,,
352,Porto Garrafeira,Niepoort,1977,4.6,649.99,Porto,Portugal,Touriga Nacional,3.218443,4.0392814,4.7068267,,"Produced exclusively in the Douro Valley of Northern Portugal, Port wine with its unique characteristics has become a favorite the world over.

There are scores of  different grape varieties used in the production of port. This wine is more about the production methods used and the fortification with spirit than the nuances that the fruit has to offer.

Port is fortified. This means that there is an introduction of some type of distilled spirit to the wine during production. These wines can achieve an ABV of 20% or more.

You will encounter one of two main types of port. The first, Ruby Port, is the most common. It has a deep ruby color, is sweet, and has relatively little exposure to oak. Tawny Port is brown in color, is aged longer, and draws its color and character from longer exposure to oak.

This wine is commonly used for desserts or a night-cap. Vintage ports, with an actual year of production i.e 1985, are far less common and usually quite spendy. Most ports are associated with a length of time of aging, like a 4-year port, or 10-year port."
353,Vintage Port,Fonseca,1977,4.7,220.0,Porto,Portugal,Touriga Nacional,,,,,
354,Pedro Ximenez Tradición 20 Years Old Vos,Bodegas Tradición,N.V.,4.5,128.75,Pedro Ximénez Sherry (PX),Spain,Pedro Ximenez,3.196887,4.2614784000000006,4.4607,,
355,Vintage Port,Quinta do Vesuvio,2005,4.3,129.41,Porto,Portugal,Touriga Nacional,,,,,
356,Colheita Port,Kopke,1980,4.5,159.28,Porto,Portugal,Touriga Nacional,,,,,
357,Vintage Port,Quinta do Vesuvio,2006,4.3,114.76,Porto,Portugal,Touriga Nacional,,,,,
358,Colheita Port,Kopke,1998,4.2,78.11,Porto,Portugal,Touriga Nacional,,,,,
359,Colheita Port,Krohn,1957,4.8,669.95,Porto,Portugal,Touriga Nacional,,,,,
360,Colheita Port,Niepoort,1997,4.3,77.99,Porto,Portugal,Touriga Nacional,,,,,
361,Port Tawny Colheita,Quinta do Noval,2003,4.2,70.84,Porto,Portugal,Touriga Nacional,,,,,
362,Vintage Port,Quinta do Passadouro,1994,4.1,55.0,Porto,Portugal,Touriga Nacional,,,,,
363,20 Years Old Tawny Port,Kopke,N.V.,4.3,57.99,Porto,Portugal,Touriga Nacional,,,,,
364,Colheita Port,Kopke,1961,4.7,284.99,Porto,Portugal,Touriga Nacional,,,,,
365,Bual Madeira,Blandy's,1957,4.7,141.28,Madeira,Portugal,Verdelho,3.99874,4.837561,4.9039025,,
366,Palo Cortado Tradición Vors 30 Years Sherry,Bodegas Tradición,N.V.,4.4,119.99,Palo Cortado Sherry,Spain,Palomino,3.406818,3.8990907999999997,2.264091,,
367,Don PX Convento Selección,Toro Albalá,1929,4.8,299.0,Montilla-Moriles,Spain,Pedro Ximenez,2.9062164,4.9002385,4.937233999999999,,
368,Vintage Port,W. & J. Graham's,1997,4.4,84.95,Porto,Portugal,Touriga Nacional,,,,,
369,Quinta de Vargellas Vintage Port,Taylor's,2017,4.2,249.95,Porto,Portugal,Touriga Nacional,,,,,
370,Vintage Port,W. & J. Graham's,2003,4.3,78.87,Porto,Portugal,Touriga Nacional,,,,,
371,Vintage Port,Quinta do Noval,2003,4.4,95.0,Porto,Portugal,Touriga Nacional,,,,,
372,Vintage Port,W. & J. Graham's,1994,4.3,85.0,Porto,Portugal,Touriga Nacional,,,,,
373,Vintage Port,Fonseca,2011,4.6,99.99,Porto,Portugal,Touriga Nacional,,,,,
374,Vintage Port Nacional,Quinta do Noval,2011,4.5,1999.99,Porto,Portugal,Touriga Nacional,,,,,
375,Vintage Port,Quinta do Noval,2007,4.7,99.99,Porto,Portugal,Touriga Nacional,,,,,
376,Porto Aged Tawny 40 Years Old,Quinta do Portal,N.V.,4.5,140.16,Porto,Portugal,Touriga Nacional,,,,,
377,Porto Aged Tawny 30 Years Old,Quinta do Portal,N.V.,4.3,93.99,Porto,Portugal,Touriga Nacional,,,,,
378,Port Tawny Colheita,Quinta do Noval,2005,4.4,66.51,Porto,Portugal,Touriga Nacional,,,,,
379,Vintage Port,Dow's,2007,4.7,174.49,Porto,Portugal,Touriga Nacional,,,,,
380,The Silver Jubilee Vintage Port,Sandeman,1977,4.5,155.0,Porto,Portugal,Touriga Nacional,,,,,
381,3 Gen Marsala Superiore Riserva Ambra Dolce,Cantine Intorcia,1980,4.4,77.0,Marsala,Italy,,,,,,
382,Vintage Port,Cálem,1997,4.2,56.95,Porto,Portugal,Touriga Nacional,,,,,
383,Vintage Port,Smith Woodhouse,1977,4.4,108.0,Porto,Portugal,Touriga Nacional,,,,,
384,Vintage Port,W. & J. Graham's,1963,4.5,399.99,Porto,Portugal,Touriga Nacional,,,,,
385,Boal Madeira,D'Oliveiras,1908,4.8,899.99,Madeira,Portugal,Verdelho,3.9585782999999997,4.737891,4.794976,,
386,Vintage Port,Quinta do Noval,1970,4.6,215.5,Porto,Portugal,Touriga Nacional,,,,,
387,Vintage Port,Taylor's,1966,4.6,431.5,Porto,Portugal,Touriga Nacional,,,,,
388,Vintage Port,Taylor's,1955,4.4,485.0,Porto,Portugal,Touriga Nacional,,,,,
389,Vintage Port Nacional,Quinta do Noval,1975,4.5,450.0,Porto,Portugal,Touriga Nacional,,,,,
390,Vintage Port,Quinta do Infantado,1985,4.3,69.0,Porto,Portugal,Touriga Nacional,,,,,
391,Vintage Port,Warre's,1975,4.6,98.0,Porto,Portugal,Touriga Nacional,,,,,
392,Dalva 71 Golden White Colheita Porto,C. da Silva,1971,4.8,225.17,Porto,Portugal,Touriga Nacional,,,,,
393,Porto Vintage,Messias,2011,4.5,68.39,Porto,Portugal,Touriga Nacional,,,,,
394,Colheita Port,Messias,1966,4.7,268.66,Porto,Portugal,Touriga Nacional,,,,,
395,Colheita Port,Krohn,1982,4.4,69.95,Porto,Portugal,Touriga Nacional,,,,,
396,Quinta da Gaivosa Vintage Porto,Alves de Sousa,2003,3.8,72.07,Porto,Portugal,Touriga Nacional,,,,,
397,Vintage Port,Dow's,1983,4.4,75.0,Porto,Portugal,Touriga Nacional,,,,,
398,Colheita Port,Maynard's,1990,3.9,80.31,Porto,Portugal,Touriga Nacional,,,,,
399,Vintage Port,Poças,1997,3.9,79.58,Porto,Portugal,Touriga Nacional,,,,,
400,Vintage Port,Kopke,2016,4.2,73.16,Porto,Portugal,Touriga Nacional,,,,,
401,Colheita Port,Poças,1995,4.2,67.12,Porto,Portugal,Touriga Nacional,,,,,
402,Quinta de Vargellas Vintage Port,Taylor's,2011,4.6,507.51,Porto,Portugal,Touriga Nacional,,,,,
403,Vintage Port,Ferreira,1985,4.4,59.0,Porto,Portugal,Touriga Nacional,,,,,
404,Vintage Port,Taylor's,1983,4.3,123.5,Porto,Portugal,Touriga Nacional,,,,,
405,Port Vintage Quinta Do Cachão,Messias,1980,4.2,168.8,Porto,Portugal,Touriga Nacional,,,,,
406,Vintage Port Nacional,Quinta do Noval,1994,4.8,1530.98,Porto,Portugal,Touriga Nacional,,,,,
407,Quinta de Vargellas Vintage Port,Taylor's,2012,4.1,68.23,Porto,Portugal,Touriga Nacional,,,,,
408,Porto Vintage,Quinta Nova de Nossa Senhora do Carmo,2009,4.3,72.68,Porto,Portugal,Touriga Nacional,,,,,
409,Dalva Colheita Porto,C. da Silva,1985,4.4,94.66,Porto,Portugal,Touriga Nacional,,,,,
410,Port Tawny Colheita,Quinta do Noval,1968,4.7,342.01,Porto,Portugal,Touriga Nacional,,,,,
411,Vintage Port Nacional,Quinta do Noval,1996,4.6,714.98,Porto,Portugal,Touriga Nacional,,,,,
412,Colheita Port,Kopke,1965,4.6,179.99,Porto,Portugal,Touriga Nacional,,,,,
413,Colheita Port,Kopke,1960,4.9,467.39,Porto,Portugal,Touriga Nacional,,,,,
414,Colheita Port,Kopke,1975,4.4,171.8,Porto,Portugal,Touriga Nacional,,,,,
415,Vintage Port,Croft,1977,4.3,105.0,Porto,Portugal,Touriga Nacional,,,,,
416,Colheita Port,Burmester,1989,4.3,106.99,Porto,Portugal,Touriga Nacional,,,,,
417,Vintage Port Boa Vista,Offley,1970,4.3,128.5,Porto,Portugal,Touriga Nacional,,,,,
418,Vintage Port,Delaforce,1977,4.3,329.99,Porto,Portugal,Touriga Nacional,,,,,
419,Vintage Port,Vale D. Maria,2014,3.8,66.5,Porto,Portugal,Touriga Nacional,,,,,
420,Vintage Port,Croft,1963,4.5,229.0,Porto,Portugal,Touriga Nacional,,,,,
421,Vintage Port,Niepoort,2003,4.3,121.05,Porto,Portugal,Touriga Nacional,,,,,
422,Vintage Port,Niepoort,1992,4.2,186.5,Porto,Portugal,Touriga Nacional,,,,,
423,Vintage Port,Quinta do Portal,2007,3.9,73.23,Porto,Portugal,Touriga Nacional,,,,,
424,Colheita Porto,Barros,1974,4.6,122.02,Porto,Portugal,Touriga Nacional,,,,,
425,Vintage Port,Quinta do Noval,2014,4.3,63.45,Porto,Portugal,Touriga Nacional,,,,,
426,Port Tawny Colheita,Quinta do Noval,1995,4.4,183.83,Porto,Portugal,Touriga Nacional,,,,,
427,Vintage Port,Dow's,1977,4.5,150.0,Porto,Portugal,Touriga Nacional,,,,,
428,Guimaraens Vintage Port,Fonseca,2013,3.9,65.0,Porto,Portugal,Touriga Nacional,,,,,
429,Vintage Port,Churchill's,1997,4.3,61.0,Porto,Portugal,Touriga Nacional,,,,,
430,Quinta do Retiro Novo Vintage Port,Krohn,2011,4.3,72.07,Porto,Portugal,Touriga Nacional,,,,,
431,Vintage Port,Niepoort,1983,4.1,175.0,Porto,Portugal,Touriga Nacional,,,,,
432,Quinta da Roeda Vintage Port,Croft,2008,3.8,73.29,Porto,Portugal,Touriga Nacional,,,,,
433,Colheita Porto,Barros,1996,4.3,64.13,Porto,Portugal,Touriga Nacional,,,,,
434,Vintage Port,Niepoort,2007,4.2,72.99,Porto,Portugal,Touriga Nacional,,,,,
435,Vintage Port,Warre's,1977,4.5,110.0,Porto,Portugal,Touriga Nacional,,,,,
436,Vintage Port,Warre's,1963,4.7,285.0,Porto,Portugal,Touriga Nacional,,,,,
437,Vintage Port,Ferreira,2000,4.3,85.0,Porto,Portugal,Touriga Nacional,,,,,
438,Porto Vintage,Quinta Nova de Nossa Senhora do Carmo,2000,4.2,70.29,Porto,Portugal,Touriga Nacional,,,,,
439,Vintage Port,Warre's,2007,4.4,89.99,Porto,Portugal,Touriga Nacional,,,,,
440,Amontillado Tradición Vors 30 Years,Bodegas Tradición,N.V.,4.3,89.99,Amontillado Sherry,Spain,Palomino,3.5441568,4.0096989999999995,2.2542169999999997,,
441,Vintage Port,Taylor's,1985,4.5,105.0,Porto,Portugal,Touriga Nacional,,,,,
442,Vintage Port,Fonseca,1985,4.5,107.89,Porto,Portugal,Touriga Nacional,,,,,
443,Don PX Convento Selección,Toro Albalá,1931,4.8,279.0,Montilla-Moriles,Spain,Pedro Ximenez,2.9062164,4.9002385,4.937233999999999,,
444,Vintage Port The Stone Terraces,W. & J. Graham's,2015,4.6,194.99,Porto,Portugal,Touriga Nacional,,,,,
445,Don PX Selección,Toro Albalá,1965,4.6,269.99,Montilla-Moriles,Spain,Pedro Ximenez,2.8,4.854118,4.942588300000001,,
446,Dalva Colheita Porto,C. da Silva,1982,4.3,84.89,Porto,Portugal,Touriga Nacional,,,,,
447,Vintage Port,Warre's,1997,4.2,59.99,Porto,Portugal,Touriga Nacional,,,,,
448,Vintage Port,Quinta do Noval,1995,4.1,69.81,Porto,Portugal,Touriga Nacional,,,,,
449,Colheita Port,Kopke,1981,4.5,170.39,Porto,Portugal,Touriga Nacional,,,,,
450,Colheita Port,Kopke,1985,4.2,121.96,Porto,Portugal,Touriga Nacional,,,,,
451,Dalva Vintage Porto,C. da Silva,2007,4.3,62.78,Porto,Portugal,Touriga Nacional,,,,,
452,Dalva 40 Years Old Porto Dry White,C. da Silva,N.V.,4.2,188.13,Porto,Portugal,Gouveio,,,,,
453,Vintage Port,Cockburn's,2003,4.3,55.99,Porto,Portugal,Touriga Nacional,,,,,
454,Vintage Port,Taylor's,2000,4.5,99.0,Porto,Portugal,Touriga Nacional,,,,,
455,Vintage Port,Fonseca,2000,4.5,82.79,Porto,Portugal,Touriga Nacional,,,,,
456,40 Year Old Tawny Port,Quinta do Noval,N.V.,4.6,139.97,Porto,Portugal,Touriga Nacional,,,,,
457,Late Bottled Vintage Port,Dow's,2000,3.8,109.99,Porto,Portugal,Touriga Nacional,,,,,
0,Late Bottled Vintage Port,Sandeman,2014,4.1,31.95,Porto,Portugal,Touriga Nacional,,,,,
1,Targa Riserva 1840 Marsala Superiore Semisecco,Florio,2003,4.0,31.99,Marsala,Italy,,,,,,
2,5 Year Old Malmsey Madeira (Rich),Blandy's,N.V.,3.8,31.99,Malmsey Madeira,Portugal,Verdelho,3.9553809999999996,4.967779599999999,4.850146,,
3,5 Year Old Verdelho Madeira (Medium Dry),Blandy's,N.V.,3.8,31.99,Verdelho Madeira,Portugal,Verdelho,3.9911977999999997,4.806354,4.394635,,
4,Late Bottled Vintage Port,Smith Woodhouse,2008,4.1,32.99,Porto,Portugal,Touriga Nacional,,,,,
5,Crusted Port,Churchill's,2006,4.1,32.99,Porto,Portugal,Touriga Nacional,,,,,
6,10 Year Old Tawny Port,Taylor's,2010,4.1,33.95,Porto,Portugal,Touriga Nacional,,,,,
7,Tawny Porto,Sandeman,2010,3.9,33.99,Porto,Portugal,Touriga Nacional,,,,,
8,Banyuls,M. Chapoutier,2014,3.8,34.99,Banyuls,France,,,,,,
9,10 Years Old Malmsey Madeira (Rich),Blandy's,N.V.,4.0,34.99,Malmsey Madeira,Portugal,Verdelho,3.9061744,4.7637725,4.8497867999999995,,
10,10 Years Old Tawny Port,Dow's,2010,4.0,35.99,Porto,Portugal,Touriga Nacional,,,,,
11,Jockey Club Reserva Port,Burmester,N.V.,3.9,35.99,Douro,Portugal,Touriga Nacional,3.0281715,4.642030999999999,4.683837400000001,,"Produced exclusively in the Douro Valley of Northern Portugal, Port wine with its unique characteristics has become a favorite the world over.

There are scores of  different grape varieties used in the production of port. This wine is more about the production methods used and the fortification with spirit than the nuances that the fruit has to offer.

Port is fortified. This means that there is an introduction of some type of distilled spirit to the wine during production. These wines can achieve an ABV of 20% or more.

You will encounter one of two main types of port. The first, Ruby Port, is the most common. It has a deep ruby color, is sweet, and has relatively little exposure to oak. Tawny Port is brown in color, is aged longer, and draws its color and character from longer exposure to oak.

This wine is commonly used for desserts or a night-cap. Vintage ports, with an actual year of production i.e 1985, are far less common and usually quite spendy. Most ports are associated with a length of time of aging, like a 4-year port, or 10-year port."
12,Porto 10 Years Old Tawny,Niepoort,N.V.,4.0,37.99,Porto,Portugal,Touriga Nacional,,,,,
13,10 Years Old Tawny Port,Kopke,N.V.,4.0,37.99,Porto,Portugal,Touriga Nacional,,,,,
14,Late Bottled Vintage Porto,Vale D. Maria,2014,4.2,38.99,Porto,Portugal,Touriga Nacional,,,,,
15,Leonor Palo Cortado Seco,Gonzalez-Byass,N.V.,4.1,38.99,Palo Cortado Sherry,Spain,Palomino,3.7387664,4.0193505,2.2487662,,
16,20 Years Old Aged Tawny Porto,Maynard's,N.V.,4.0,38.99,Porto,Portugal,Touriga Nacional,,,,,
17,Late Bottled Vintage Port,Sandeman,2011,3.9,39.99,Porto,Portugal,Touriga Nacional,,,,,
18,Colheita Port,Krohn,2002,4.1,40.0,Porto,Portugal,Touriga Nacional,,,,,
19,15 Year Old Malmsey Madeira (Rich),Blandy's,N.V.,4.0,43.99,Malmsey Madeira,Portugal,Verdelho,4.162857499999999,4.9828567999999995,4.725714,,
20,Quinta da Eira Velha Single Quinta Vintage Port,Martinez Gassiot,1995,4.0,44.99,Porto,Portugal,Touriga Nacional,,,,,
21,Vintage Port,Croft,2000,4.3,49.0,Porto,Portugal,Touriga Nacional,,,,,
22,Colheita Single Harvest Tawny Port,Dow's,2002,4.1,49.99,Porto,Portugal,Touriga Nacional,,,,,
23,Vintage Port,Rozès,1994,3.9,49.99,Porto,Portugal,Touriga Nacional,,,,,
24,20 Year Old Tawny Port,Taylor's,N.V.,4.3,49.99,Porto,Portugal,Touriga Nacional,,,,,
25,Vigna la Miccia Marsala Superiore Oro,Marco de Bartoli,2016,4.1,50.0,Marsala,Italy,,,,,,
26,Pedro Ximénez Murillo Selección del Centenario,Lustau,N.V.,4.3,52.99,Jerez-Xérès-Sherry,Spain,Pedro Ximenez,3.1432283,4.8314962,4.915748000000001,,
27,Silval Vintage Port,Quinta do Noval,2000,4.2,53.96,Porto,Portugal,Touriga Nacional,,,,,
28,Madeira Colheita,Broadbent,1999,4.5,53.99,Madeira,Portugal,Verdelho,3.9563403,4.7735567,5.0,,
29,Quinta do Seixo Vintage Port,Sandeman,2015,4.0,54.95,Porto,Portugal,Touriga Nacional,,,,,
30,Vintage Port,Smith Woodhouse,2003,4.0,54.99,Porto,Portugal,Touriga Nacional,,,,,
31,20 Year Old Tawny Port,W. & J. Graham's,N.V.,4.3,54.99,Porto,Portugal,Touriga Nacional,,,,,
147,Late Bottled Vintage Porto,Senhora do Convento,2003,4.0,35.0,Porto,Portugal,Touriga Nacional,,,,,
154,Port,Doffo,N.V.,3.6,44.0,Temecula Valley,United States,,,,,,
158,Porto Colheita,Quinta do Infantado,2010,4.0,44.99,Porto,Portugal,Touriga Nacional,,,,,
167,Porto Late Bottled Vintage,Offley,2015,3.8,31.15,Porto,Portugal,Touriga Nacional,,,,,
172,Colheita Port,Quinta de La Rosa,2008,3.7,36.03,Porto,Portugal,Touriga Nacional,,,,,
176,Quinta dos Malvedos Vintage Port,W. & J. Graham's,2006,4.3,46.35,Porto,Portugal,Touriga Nacional,,,,,
177,Dalva Colheita Porto,C. da Silva,1992,4.2,43.12,Porto,Portugal,Touriga Nacional,,,,,
181,Colheita Port,Maynard's,2004,3.9,36.34,Porto,Portugal,Touriga Nacional,,,,,
182,Vintage Port,Vista Alegre,2000,4.3,45.8,Porto,Portugal,Touriga Nacional,,,,,
186,Vintage Port,Quinta do Infantado,1995,4.2,49.0,Porto,Portugal,Touriga Nacional,,,,,
187,10 Year Old Tawny Port,Fonseca,2015,4.2,31.99,Porto,Portugal,Touriga Nacional,,,,,
198,Colheita Port,Krohn,1996,4.0,44.95,Porto,Portugal,Touriga Nacional,,,,,
199,Quinta de Ervamoira 10 Year Old Tawny Port,Ramos Pinto,2010,3.9,33.16,Porto,Portugal,Touriga Nacional,,,,,
202,20 Year Old Tawny Port,W. & J. Graham's,2020,4.2,41.8,Porto,Portugal,Touriga Nacional,,,,,
207,Colheita Port,Niepoort,2004,4.1,47.76,Porto,Portugal,Touriga Nacional,,,,,
215,Silval Vintage Port,Quinta do Noval,2003,4.3,48.37,Porto,Portugal,Touriga Nacional,,,,,
216,Guimaraens Vintage Port,Fonseca,1995,4.2,42.0,Porto,Portugal,Touriga Nacional,,,,,
217,10 Year Old Verdelho Madeira (Medium Dry),Blandy's,N.V.,4.0,39.99,Verdelho Madeira,Portugal,Verdelho,4.0939417,4.8718977,4.325328400000001,,
219,Vintage Port,Quinta do Crasto,2016,4.1,54.97,Porto,Portugal,Touriga Nacional,,,,,
221,Vintage Port,Krohn,2003,4.1,47.58,Porto,Portugal,Touriga Nacional,,,,,
228,Vintage Port,Quinta do Vesuvio,1997,4.3,50.24,Porto,Portugal,Touriga Nacional,,,,,
235,Vintage Port,Vale D. Maria,2009,4.1,43.99,Porto,Portugal,Touriga Nacional,,,,,
236,Antique Amontillado,Fernando de Castilla,N.V.,3.9,35.99,Amontillado Sherry,Spain,Palomino,4.063125,3.9721877999999995,2.3120625,,
244,Les Clos de Paulilles Banyuls Traditionnel,Cazes,2012,3.8,40.99,Banyuls,France,,,,,,
247,Late Bottled Vintage Port,Quinta de La Rosa,2011,3.9,34.99,Porto,Portugal,Touriga Nacional,,,,,
256,Don PX Gran Reserva,Toro Albalá,1988,4.3,39.99,Montilla-Moriles,Spain,Pedro Ximenez,3.0141351000000003,4.960364,4.97245,,
260,Dalva Colheita Porto,C. da Silva,2010,3.8,30.05,Porto,Portugal,Touriga Nacional,,,,,
263,Porto Vintage,Messias,2007,4.3,48.31,Porto,Portugal,Touriga Nacional,,,,,
267,Dalva Colheita Porto,C. da Silva,1990,4.2,45.8,Porto,Portugal,Touriga Nacional,,,,,
269,Colheita Port,Maynard's,2001,3.9,43.02,Porto,Portugal,Touriga Nacional,,,,,
270,Quinta dos Malvedos Vintage Port,W. & J. Graham's,2001,4.2,50.79,Porto,Portugal,Touriga Nacional,,,,,
271,Colheita Port,Poças,1997,4.0,44.98,Porto,Portugal,Touriga Nacional,,,,,
272,Vintage Port,Smith Woodhouse,1997,4.4,49.0,Porto,Portugal,Touriga Nacional,,,,,
274,Colheita Porto,Vista Alegre,1996,4.3,43.91,Porto,Portugal,Touriga Nacional,,,,,
276,Vintage Port,Vista Alegre,1999,4.3,36.03,Porto,Portugal,Touriga Nacional,,,,,
283,Late Bottled Vintage Port,Sandeman,2013,4.0,34.98,Porto,Portugal,Touriga Nacional,,,,,
284,Colheita Porto,Vista Alegre,1997,4.1,54.35,Porto,Portugal,Touriga Nacional,,,,,
289,10 Year Old Tawny Port,W. & J. Graham's,2015,4.3,34.99,Porto,Portugal,Touriga Nacional,,,,,
290,Quinta Senhora da Ribeira Vintage Port,Dow's,2012,4.5,53.89,Porto,Portugal,Touriga Nacional,,,,,
298,Dos Cortados Palo Cortado Solera Especial Aged 20 Years,Williams & Humbert,N.V.,4.2,39.99,Palo Cortado Sherry,Spain,Palomino,3.2267976000000003,3.9953594,2.074052,,
301,Tawny Porto 10 Years Old,Quinta do Infantado,N.V.,4.0,35.99,Porto,Portugal,Touriga Nacional,,,,,
313,Antique Palo Cortado,Fernando de Castilla,N.V.,4.2,36.05,Palo Cortado Sherry,Spain,Palomino,3.686923,4.0379486,2.8141026,,
318,Vintage Port,Quinta do Portal,2006,3.9,54.9,Porto,Portugal,Touriga Nacional,,,,,
319,Vintage Port,Warre's,2000,4.2,49.0,Porto,Portugal,Touriga Nacional,,,,,
326,Colheita Porto,Barros,2005,4.4,37.27,Porto,Portugal,Touriga Nacional,,,,,
327,Dalva Colheita Porto,C. da Silva,1995,4.1,37.86,Porto,Portugal,Touriga Nacional,,,,,
328,Reserve Ruby Port,Churchill's,2003,4.1,38.0,Cima Corgo,Portugal,Touriga Nacional,,,,,
329,Vintage Port,Ferreira,1995,4.5,49.99,Porto,Portugal,Touriga Nacional,,,,,
333,Zinfandel Port,Rutherford Hill,2010,4.0,35.0,Napa Valley,United States,,,,,,
342,Magalhães Vintage Porto,Quinta do Silval,2015,3.8,34.98,Porto,Portugal,Touriga Nacional,,,,,
349,Vintage Port,Quinta de Roriz,2004,4.4,54.99,Porto,Portugal,Touriga Nacional,,,,,
353,Porto Bioma Vintage Vinha Velha,Niepoort,2011,4.3,52.0,Porto,Portugal,Touriga Nacional,,,,,
356,Dalva Colheita Porto,C. da Silva,1994,4.2,58.02,Porto,Portugal,Touriga Nacional,,,,,
357,Colheita Port,Maynard's,1982,4.2,122.39,Porto,Portugal,Touriga Nacional,,,,,
358,Colheita Port,Krohn,1961,4.7,464.15,Porto,Portugal,Touriga Nacional,,,,,
359,Pintas Vintage Port,Wine & Soul,2014,4.3,81.78,Porto,Portugal,Touriga Nacional,,,,,
360,Vintage Port,Vista Alegre,1998,3.8,43.36,Porto,Portugal,Touriga Nacional,,,,,
361,Vintage Port,Quinta do Noval,1994,4.4,125.0,Porto,Portugal,Touriga Nacional,,,,,
370,Vintage Port,Quinta do Portal,2008,4.1,53.26,Porto,Portugal,Touriga Nacional,,,,,
373,Colheita Port,Quevedo,2004,3.9,42.75,Porto,Portugal,Touriga Nacional,,,,,
374,20 Years Old White Port,Kopke,N.V.,4.3,50.08,Porto,Portugal,Gouveio,,,,,
377,Vintage Port,Quinta do Crasto,2008,4.1,43.99,Porto,Portugal,Touriga Nacional,,,,,
381,Pedro Ximénez,José Pemartín,N.V.,3.7,39.99,Jerez-Xérès-Sherry,Spain,Pedro Ximenez,3.0,5.0,5.0,,
383,Bual Colheita Madeira,Blandy's,2003,4.4,49.99,Madeira,Portugal,Verdelho,3.947512,4.779713,4.684019,,
384,Colheita Port,Niepoort,2009,4.1,42.51,Porto,Portugal,Touriga Nacional,,,,,
387,Quinta do Bomfim Vintage Port,Dow's,2008,4.2,48.25,Porto,Portugal,Touriga Nacional,,,,,
389,Quinta da Roeda Vintage Port,Croft,2015,4.2,49.99,Porto,Portugal,Touriga Nacional,,,,,
393,Colheita Port,Poças,2000,3.9,43.67,Porto,Portugal,Touriga Nacional,,,,,
394,Dalva Colheita Porto,C. da Silva,1991,4.2,45.93,Porto,Portugal,Touriga Nacional,,,,,
396,Colheita Port,Maynard's,2003,4.3,36.34,Porto,Portugal,Touriga Nacional,,,,,
397,Vintage Port,São Pedro das Aguias,2000,3.8,39.99,Porto,Portugal,Touriga Nacional,,,,,
399,Dalva Colheita White Porto,C. da Silva,2007,3.9,32.99,Porto,Portugal,Touriga Nacional,,,,,
400,Matusalem Sherry VORS,Gonzalez-Byass,N.V.,4.3,54.99,Oloroso Sherry,Spain,Palomino,3.7449057,4.196226599999999,3.9456604,,
403,Antique Fino,Fernando de Castilla,N.V.,3.9,45.0,Fino Sherry,Spain,Palomino,3.5222142,3.87321,2.5574539,,
404,Colheita Port,Kopke,2008,4.1,44.89,Porto,Portugal,Touriga Nacional,,,,,
408,Colheita Port,Kopke,2004,4.1,44.99,Porto,Portugal,Touriga Nacional,,,,,
410,Solera 1842 Oloroso VOS,Valdespino,N.V.,4.1,39.98,Oloroso Sherry,Spain,Palomino,3.6663203,4.1186166,2.8852830000000003,,
412,Vintage Port Boa Vista,Offley,2000,4.0,42.99,Porto,Portugal,Touriga Nacional,,,,,
419,Dalva Colheita Porto,C. da Silva,1999,4.2,35.3,Porto,Portugal,Touriga Nacional,,,,,
420,Dalva Colheita Porto,C. da Silva,1997,3.9,35.42,Porto,Portugal,Touriga Nacional,,,,,
429,Quinta do Bomfim Vintage Port,Dow's,1995,3.9,39.9,Porto,Portugal,Touriga Nacional,,,,,
436,Quinta do Vau Vintage Port,Sandeman,2000,4.2,49.95,Porto,Portugal,Touriga Nacional,,,,,
440,Tawny Porto 20 Years Old,Quinta do Infantado,N.V.,4.3,49.47,Porto,Portugal,Touriga Nacional,,,,,
447,Quinta da Roeda Vintage Port,Croft,2005,3.7,54.99,Porto,Portugal,Touriga Nacional,,,,,
451,Vintage Port,Quinta do Portal,2005,4.2,54.9,Porto,Portugal,Touriga Nacional,,,,,
456,Late Bottled Vintage Port,Ferreira,2014,3.9,47.99,Porto,Portugal,Touriga Nacional,,,,,
457,Vintage Port,Quinta de La Rosa,2009,3.9,44.95,Porto,Portugal,Touriga Nacional,,,,,
469,Guimaraens Vintage Port,Fonseca,2015,4.1,42.34,Porto,Portugal,Touriga Nacional,,,,,
473,Colheita Port,Kopke,2006,3.9,47.64,Porto,Portugal,Touriga Nacional,,,,,
485,Antique Oloroso,Fernando de Castilla,N.V.,3.8,34.8,Oloroso Sherry,Spain,Palomino,3.9822347000000002,4.222067,3.280503,,
487,Apostoles 30 Years Old Sherry,Gonzalez-Byass,N.V.,4.3,54.99,Palo Cortado Sherry,Spain,Palomino,3.7625,4.0406256,3.553125,,
488,10 Years Old White Port,Kopke,N.V.,4.0,43.91,Porto,Portugal,Gouveio,,,,,
490,Colheita Port,Kopke,1999,4.2,38.89,Porto,Portugal,Touriga Nacional,,,,,
492,Dalva Vintage Porto,C. da Silva,1997,4.3,47.15,Porto,Portugal,Touriga Nacional,,,,,
493,Dalva Tawny 20 Years Old Port,C. da Silva,N.V.,4.0,45.99,Porto,Portugal,Touriga Nacional,,,,,
504,Muscat de Beaumes-de-Venise,Domaine de Durban,2017,4.2,32.49,Beaumes-de-Venise,France,,,,,,
505,La Bota 44 de Blanco,Equipo Navazos,2012,3.7,37.99,Manzanilla,Spain,Palomino,4.0227275,4.0,4.0,,
509,Quinta do Vau Vintage Port,Sandeman,2003,4.0,49.99,Porto,Portugal,Touriga Nacional,,,,,
510,10 Years Old Tawny Port,Porto Menéres,N.V.,3.6,32.99,Porto,Portugal,Touriga Nacional,,,,,
512,Quinta dos Malvedos Vintage Port,W. & J. Graham's,1998,4.4,53.99,Porto,Portugal,Touriga Nacional,,,,,
513,Late Bottled Vintage Port,Sandeman,2000,4.6,32.99,Porto,Portugal,Touriga Nacional,,,,,
516,10 Years Old Tawny Port,Kopke,2010,3.8,34.99,Porto,Portugal,Touriga Nacional,,,,,
522,Les Clos de Paulilles Banyuls Grand Cru,Cazes,2013,4.3,46.99,Banyuls Grand Cru,France,,,,,,
524,Porto Colheita,Quinta do Portal,2004,3.8,43.91,Porto,Portugal,Touriga Nacional,,,,,
526,Quinta dos Canais Vintage Port,Cockburn's,2003,4.0,44.99,Porto,Portugal,Touriga Nacional,,,,,
527,Vintage Port,Barros,2000,4.2,49.0,Porto,Portugal,Touriga Nacional,,,,,
530,Colheita Porto,Vista Alegre,1995,4.2,45.13,Porto,Portugal,Touriga Nacional,,,,,
540,Colheita Port,Maynard's,2006,3.8,35.42,Porto,Portugal,Touriga Nacional,,,,,
542,Colheita Port,Maynard's,2005,3.8,35.42,Porto,Portugal,Touriga Nacional,,,,,
543,Quinta da Roeda Vintage Port,Croft,2012,4.1,44.99,Porto,Portugal,Touriga Nacional,,,,,
546,Colheita Port,Burmester,2002,4.1,37.99,Porto,Portugal,Touriga Nacional,,,,,
547,Colheita Porto,Quinta de Santa Eufémia,2007,4.1,40.0,Porto,Portugal,Touriga Nacional,,,,,
548,10 Years Old Tawny Porto,Sandeman,2015,3.9,35.99,Porto,Portugal,Touriga Nacional,,,,,
552,Dalva Colheita Porto,C. da Silva,2000,4.2,33.04,Porto,Portugal,Touriga Nacional,,,,,
554,Vintage Port,Poças,2013,3.7,46.29,Porto,Portugal,Touriga Nacional,,,,,
557,Quinta de Vargellas Vintage Port,Taylor's,2015,4.2,49.99,Porto,Portugal,Touriga Nacional,,,,,
564,Colheita Porto,Vista Alegre,2000,4.2,47.58,Porto,Portugal,Touriga Nacional,,,,,
565,Vintage Port,Vista Alegre,1997,3.8,43.36,Porto,Portugal,Touriga Nacional,,,,,
568,Late Bottled Vintage Port,Sandeman,2015,3.9,34.99,Porto,Portugal,Touriga Nacional,,,,,
582,Colheita Porto,Royal Oporto,2000,4.1,53.99,Porto,Portugal,Touriga Nacional,,,,,
591,Colheita Port,Niepoort,2005,4.1,38.48,Porto,Portugal,Touriga Nacional,,,,,
594,Colheita Port,Kopke,2001,4.2,54.35,Porto,Portugal,Touriga Nacional,,,,,
595,Colheita Port,Kopke,2007,3.9,45.74,Porto,Portugal,Touriga Nacional,,,,,
609,Muscat de Beaumes de Venise,Bernardins,2018,4.3,31.5,Muscat de Beaumes de Venise,France,,,,,,
613,Muscat de Beaumes-de-Venise,Domaine de Durban,2016,3.8,31.99,Beaumes-de-Venise,France,,,,,,
615,10 Years Old Tawny Porto,Sandeman,2010,4.0,36.0,Porto,Portugal,Touriga Nacional,,,,,
617,Porto Aged Tawny 20 Years Old,Quinta do Portal,N.V.,4.2,53.13,Porto,Portugal,Touriga Nacional,,,,,
0,Ruby Port,The Christian Brothers,N.V.,2.9,6.99,California,United States,,,,,,
1,Fine Marsala Sweet (Ambra Dolce),Florio,N.V.,3.4,12.99,Marsala,Italy,,,,,,
2,Bin 27 Reserve Port,Fonseca,N.V.,3.8,13.0,Porto,Portugal,Touriga Nacional,3.0238723999999997,4.7671504,4.8433695,,"Produced exclusively in the Douro Valley of Northern Portugal, Port wine with its unique characteristics has become a favorite the world over.

There are scores of  different grape varieties used in the production of port. This wine is more about the production methods used and the fortification with spirit than the nuances that the fruit has to offer.

Port is fortified. This means that there is an introduction of some type of distilled spirit to the wine during production. These wines can achieve an ABV of 20% or more.

You will encounter one of two main types of port. The first, Ruby Port, is the most common. It has a deep ruby color, is sweet, and has relatively little exposure to oak. Tawny Port is brown in color, is aged longer, and draws its color and character from longer exposure to oak.

This wine is commonly used for desserts or a night-cap. Vintage ports, with an actual year of production i.e 1985, are far less common and usually quite spendy. Most ports are associated with a length of time of aging, like a 4-year port, or 10-year port."
3,Tawny,R.L. Buller & Son,N.V.,3.7,14.240833333333333,Victoria,Australia,,,,,,
4,Fine Ruby Port,Sandeman,N.V.,3.8,14.95,Porto,Portugal,Touriga Nacional,,,,,
5,Fine Ruby Port,Dow's,N.V.,3.7,14.99,Porto,Portugal,Touriga Nacional,,,,,
6,Fine Marsala Dry (Ambra Secco),Florio,N.V.,3.6,14.99,Marsala,Italy,,,,,,
7,Tawny Porto Medium Dry,Quinta do Infantado,N.V.,3.8,16.95,Porto,Portugal,Touriga Nacional,,,,,
8,Heritage Ruby Port,Warre's,N.V.,3.9,16.99,Porto,Portugal,Touriga Nacional,,,,,
9,Antique Tawny (Museum Reserve),Yalumba,N.V.,4.2,17.95,South Eastern Australia,Australia,,,,,,
10,Lágrima White Port,Ramos Pinto,N.V.,3.8,17.99,Porto,Portugal,Gouveio,,,,,
11,Blanc,Lillet,N.V.,4.1,17.99,,,,,,,,
12,Petite Sirah Port,Bogle,2016,4.4,18.99,Clarksburg,United States,,,,,,
13,Ruby Port,Ferreira,N.V.,3.8,18.99,Porto,Portugal,Touriga Nacional,,,,,
14,Fine Ruby Port,Quinta da Romaneira,N.V.,3.8,18.99,Porto,Portugal,Touriga Nacional,,,,,
15,Late Bottled Vintage Port,Dow's,2011,3.9,18.99,Porto,Portugal,Touriga Nacional,,,,,
16,Late Bottled Vintage Port,Dow's,2013,4.1,19.95,Porto,Portugal,Touriga Nacional,,,,,
17,Cornet & Cie Banyuls Rimage,Abbe Rous,2017,3.6,19.95,Banyuls,France,,,,,,
18,Collector Reserva Ruby Port,Ramos Pinto,N.V.,3.8,19.99,Porto,Portugal,Touriga Nacional,,,,,
19,Late Bottled Vintage Port,Taylor's,2014,4.0,21.95,Porto,Portugal,Touriga Nacional,,,,,
20,Late Bottled Vintage Unfiltered Port,Fonseca,2014,4.1,21.99,Porto,Portugal,Touriga Nacional,,,,,
21,Late Bottled Vintage Port,Dow's,2015,3.9,21.99,Porto,Portugal,Touriga Nacional,,,,,
22,Petite Sirah Port,Bogle,2015,4.1,21.99,Clarksburg,United States,,,,,,
23,Bertola Fino,Diez Mérito,N.V.,3.7,21.99,Fino Sherry,Spain,Palomino,3.058868,3.7160377999999996,2.0284904999999998,,
24,Late Bottled Vintage Port,Taylor's,2013,4.0,21.99,Porto,Portugal,Touriga Nacional,,,,,
25,Late Bottled Vintage Port,Quinta do Crasto,2013,4.0,22.95,Porto,Portugal,Touriga Nacional,,,,,
26,Late Bottled Vintage Port,Ramos Pinto,2012,3.8,22.95,Porto,Portugal,Touriga Nacional,,,,,
27,Terra Bella Reserve Porto,Fonseca,N.V.,3.8,22.99,Porto,Portugal,Touriga Nacional,2.9795237,4.6177773,4.679206400000001,,"Produced exclusively in the Douro Valley of Northern Portugal, Port wine with its unique characteristics has become a favorite the world over.

There are scores of  different grape varieties used in the production of port. This wine is more about the production methods used and the fortification with spirit than the nuances that the fruit has to offer.

Port is fortified. This means that there is an introduction of some type of distilled spirit to the wine during production. These wines can achieve an ABV of 20% or more.

You will encounter one of two main types of port. The first, Ruby Port, is the most common. It has a deep ruby color, is sweet, and has relatively little exposure to oak. Tawny Port is brown in color, is aged longer, and draws its color and character from longer exposure to oak.

This wine is commonly used for desserts or a night-cap. Vintage ports, with an actual year of production i.e 1985, are far less common and usually quite spendy. Most ports are associated with a length of time of aging, like a 4-year port, or 10-year port."
28,Rosé,Lillet,N.V.,3.9,22.99,Bordeaux,France,,,,,,
29,Fino En Rama,Alvear,2012,3.4,22.99,Montilla-Moriles,Spain,Pedro Ximenez,3.1158211,4.7229,4.015522499999999,,
30,Late Bottled Vintage Port,W. & J. Graham's,2014,3.9,23.95,Porto,Portugal,Touriga Nacional,,,,,
31,Late Bottled Vintage Port,Taylor's,2007,3.8,23.99,Porto,Portugal,Touriga Nacional,,,,,
32,Late Bottled Vintage Port,Ferreira,2015,4.1,23.99,Porto,Portugal,Touriga Nacional,,,,,
33,10 Year Old Tawny Port,Taylor's,N.V.,4.1,24.95,Porto,Portugal,Touriga Nacional,,,,,
34,10 Years Old Tawny Port,Cockburn's,2010,3.9,24.99,Porto,Portugal,Touriga Nacional,,,,,
35,Late Bottled Vintage Port,Quinta do Crasto,2014,4.1,25.95,Porto,Portugal,Touriga Nacional,,,,,
36,Late Bottled Vintage Port,Churchill's,2014,4.0,25.99,Porto,Portugal,Touriga Nacional,,,,,
37,Late Bottled Vintage Port,Taylor's,2015,4.0,25.99,Porto,Portugal,Touriga Nacional,,,,,
38,Late Bottled Vintage Port,Ramos Pinto,2014,4.1,25.99,Porto,Portugal,Touriga Nacional,,,,,
39,Malamado Malbec,Zuccardi,N.V.,3.7,25.99,Mendoza,Argentina,Malbec,2.502118,3.9104095,4.3664966,2.316115,"Extremely popular, Argentinian Malbec is an inky, medium-bodied, dry red wine with strong impressions of dark fruits on the nose and palate. This wine tends to have mellower tannins than its French counterpart.

Heavily dependent on where they are grown for variations in flavor, Argentinian Malbec has quickly become a world favorite due to the characteristics that the high altitude climate and soils impart to the fruit.

Originally from France, it is one of the original 5 “Bordeaux” grapes. It is scarcely planted in France anymore.

It has found an amazingly hospitable home in the mountains of Argentina from which some of the world's best selling Malbecs are grown.

Starkly different from French versions in structure and flavor, this wine is a good investment for collectors, as the wine can age for several years before drinking.This wine also pairs very well with any savory red meat dish-- particularly dishes that include spice."
40,5 Year Old Bual Madeira (Medium Rich),Blandy's,N.V.,3.9,25.99,Bual Madeira,Portugal,Verdelho,3.9908097000000002,4.8253846,4.5588665,,
41,Late Bottled Vintage Port Unfiltered,Quinta da Romaneira,2014,4.0,25.99,Porto,Portugal,Touriga Nacional,,,,,
42,10 Years Old Tawny Porto,Poças,2010,3.7,26.99,Porto,Portugal,Touriga Nacional,,,,,
43,Late Bottled Vintage Port Unfiltered,Quinta da Romaneira,2013,4.0,26.99,Porto,Portugal,Touriga Nacional,,,,,
44,East India Solera Sherry,Lustau,N.V.,4.0,27.95,Jerez-Xérès-Sherry,Spain,Palomino,3.6662924,4.0660677000000005,4.202416,,
45,10 Year Old Sercial Madeira (Dry),Blandy's,N.V.,3.9,28.99,Sercial Madeira,Portugal,Verdelho,3.937,4.73,3.7233330999999996,,
46,Late Bottled Vintage Port,Quinta do Noval,2013,3.9,28.99,Porto,Portugal,Touriga Nacional,,,,,
47,Late Bottled Vintage Porto,Quinta do Infantado,2013,4.0,29.0,Porto,Portugal,Touriga Nacional,,,,,
48,Late Bottled Vintage Port,Niepoort,2014,3.9,29.0,Porto,Portugal,Touriga Nacional,,,,,
49,Reserve White Port,Rozès,N.V.,3.8,29.99,Porto,Portugal,Gouveio,,,,,
50,Otima 10 Year Old Tawny Port,Warre's,2010,4.0,29.99,Porto,Portugal,Touriga Nacional,,,,,
51,Late Bottled Vintage Unfiltered Port,Fonseca,2011,4.0,29.99,Porto,Portugal,Touriga Nacional,,,,,
52,Pedro Ximénez de Añada,Alvear,2015,3.9,29.99,Montilla-Moriles,Spain,Pedro Ximenez,3.0345313999999997,4.9950423,4.9541903,,
53,Late Bottled Vintage Port,Churchill's,2015,4.0,29.99,Porto,Portugal,Touriga Nacional,,,,,
54,10 Year Old Tawny Port,W. & J. Graham's,N.V.,4.2,29.99,Porto,Portugal,Touriga Nacional,,,,,
203,PX Dulce Viejo,Alvear,1927,4.1,20.7,Montilla-Moriles,Spain,Pedro Ximenez,3.4666665,4.9111114,5.0,,
204,Olde Shandon Port Works Syrah,Tarrica,N.V.,4.0,21.0,Paso Robles,United States,,,,,,
205,Late Bottled Vintage Port,Quinta do Crasto,2011,4.1,25.99,Porto,Portugal,Touriga Nacional,,,,,
213,Late Bottled Vintage Porto,Bulas,2012,3.7,22.6,Porto,Portugal,Touriga Nacional,,,,,
214,Maury Vin Doux Naturel,Mas Karolina,2015,3.8,29.0,Maury,France,,,,,,
218,LBV Porto,Casa Santa Eufemia,2009,3.8,24.99,Porto,Portugal,Touriga Nacional,,,,,
223,Porto Late Bottled Vintage,Quinta do Portal,2011,3.8,23.94,Porto,Portugal,Touriga Nacional,,,,,
232,Late Bottled Vintage Port,Quevedo,2011,3.8,28.03,Porto,Portugal,Touriga Nacional,,,,,
233,Late Bottled Vintage Port,Ramos Pinto,2013,4.0,19.48,Porto,Portugal,Touriga Nacional,,,,,
234,Late Bottled Vintage Port,Taylor's,2009,3.9,23.99,Porto,Portugal,Touriga Nacional,,,,,
236,Reccua Ruby Porto,Vale do Rodo,N.V.,3.6,8.97,Porto,Portugal,Touriga Nacional,,,,,
240,Porto White,Porto Réccua,N.V.,3.7,10.99,Porto,Portugal,Gouveio,,,,,
243,Vintage Port,Seara d'Ordens,2010,4.0,28.34,Porto,Portugal,Touriga Nacional,,,,,
249,Late Bottled Vintage Port,Quinta das Carvalhas,2014,4.0,16.99,Porto,Portugal,Touriga Nacional,,,,,
254,Late Bottled Vintage Porto,Quinta do Infantado,2011,4.0,29.25,Porto,Portugal,Touriga Nacional,,,,,
264,Late Bottled Vintage Port,Quinta de La Rosa,2012,3.8,23.48,Porto,Portugal,Touriga Nacional,,,,,
270,Bicentenary Vintage Port,Cockburn's,2015,4.5,54.99,Porto,Portugal,Touriga Nacional,,,,,
272,Dalva LBV Porto,C. da Silva,2013,3.5,19.99,Porto,Portugal,Touriga Nacional,,,,,
273,Late Bottled Vintage Port,W. & J. Graham's,2012,3.9,18.63,Porto,Portugal,Touriga Nacional,,,,,
278,Late Bottled Vintage Port,W. & J. Graham's,2013,4.0,19.99,Porto,Portugal,Touriga Nacional,,,,,
279,10 Years Old Aged Tawny Porto,Maynard's,2010,3.9,24.99,Porto,Portugal,Touriga Nacional,,,,,
281,Century 10 Year Old Tawny Port,Andresen,N.V.,4.0,21.99,Porto,Portugal,Touriga Nacional,,,,,
290,Banyuls,M. Chapoutier,2015,3.7,21.09,Banyuls,France,,,,,,
298,Colheita Port,Kopke,2005,4.1,47.94,Porto,Portugal,Touriga Nacional,,,,,
309,10 Year Old White Port,Andresen,N.V.,4.1,24.25,Porto,Portugal,Gouveio,,,,,
310,Alambre Moscatel de Setúbal,José Maria da Fonseca,2015,3.9,22.99,Setúbal,Portugal,Moscatel de Alejandría,3.1310039,3.3267790999999995,3.3410832999999998,,
312,Tawny Porto,Porto Réccua,N.V.,3.5,12.99,Porto,Portugal,Touriga Nacional,,,,,
313,Quinta do Vau Vintage Port,Sandeman,1999,4.1,14.99,Porto,Portugal,Touriga Nacional,,,,,
314,Late Bottled Vintage Port,Krohn,2013,3.7,21.93,Porto,Portugal,Touriga Nacional,,,,,
320,Dalva 10 Years Old Porto Dry White,C. da Silva,N.V.,3.9,21.38,Porto,Portugal,Gouveio,,,,,
321,Dalva Porto White,C. da Silva,N.V.,3.5,7.94,Porto,Portugal,Gouveio,,,,,
322,Fine Old Tawny,R.L. Buller & Son,N.V.,4.2,16.99,Victoria,Australia,,,,,,
328,Don PX Pedro Ximenez,Toro Albalá,2015,4.1,24.99,Montilla-Moriles,Spain,Pedro Ximenez,3.0032674999999998,4.8115416,4.9038606,,
329,Porto Reserva Adriano Branco,Ramos Pinto,N.V.,4.1,20.15,Porto,Portugal,Gouveio,,,,,
330,Late Bottled Vintage Port,Dow's,2009,3.9,18.95,Porto,Portugal,Touriga Nacional,,,,,
331,Fine Tawny Porto,Osborne,N.V.,3.7,10.26,Porto,Portugal,Touriga Nacional,,,,,
332,Banyuls,M. Chapoutier,2007,3.9,24.99,Banyuls,France,,,,,,
333,Pedro Ximénez de Añada,Alvear,2004,4.5,22.99,Montilla-Moriles,Spain,Pedro Ximenez,3.0345313999999997,4.9950423,4.9541903,,
334,Tanatis Vintage Vin de Liqueur,Domaine Berthoumieu,N.V.,3.8,24.99,Madiran,France,,,,,,
335,Muscat de Beaumes de Venise,Château Pesquie,2015,3.8,22.99,Muscat de Beaumes de Venise,France,,,,,,
343,Porto Late Bottled Vintage,Quinta do Portal,2009,4.2,26.99,Porto,Portugal,Touriga Nacional,,,,,
344,10 Year Old Tawny Port,Quinta do Noval,2010,3.9,29.99,Porto,Portugal,Touriga Nacional,,,,,
345,Malamado Malbec,Zuccardi,2012,3.7,19.99,Mendoza,Argentina,Malbec,2.502118,3.9104095,4.3664966,2.316115,"Extremely popular, Argentinian Malbec is an inky, medium-bodied, dry red wine with strong impressions of dark fruits on the nose and palate. This wine tends to have mellower tannins than its French counterpart.

Heavily dependent on where they are grown for variations in flavor, Argentinian Malbec has quickly become a world favorite due to the characteristics that the high altitude climate and soils impart to the fruit.

Originally from France, it is one of the original 5 “Bordeaux” grapes. It is scarcely planted in France anymore.

It has found an amazingly hospitable home in the mountains of Argentina from which some of the world's best selling Malbecs are grown.

Starkly different from French versions in structure and flavor, this wine is a good investment for collectors, as the wine can age for several years before drinking.This wine also pairs very well with any savory red meat dish-- particularly dishes that include spice."
351,Late Bottled Vintage Port,W. & J. Graham's,2009,3.9,23.99,Porto,Portugal,Touriga Nacional,,,,,
356,Late Bottled Vintage Port,Warre's,2003,4.1,29.99,Porto,Portugal,Touriga Nacional,,,,,
357,Late Bottled Vintage Port,Churchill's,2011,3.9,29.99,Porto,Portugal,Touriga Nacional,,,,,
362,Late Bottled Vintage Port,Quinta de La Rosa,2010,3.9,21.38,Porto,Portugal,Touriga Nacional,,,,,
364,Late Bottled Vintage Port,Borges,2010,4.2,17.71,Porto,Portugal,Touriga Nacional,,,,,
368,Moscatel de Setúbal,Horácio Simões,2016,3.9,7.27,Setúbal,Portugal,Moscatel de Alejandría,2.7029164,3.2621352999999997,3.6561977999999997,,
379,Otima 10 Year Old Tawny Port,Warre's,2014,3.9,29.99,Porto,Portugal,Touriga Nacional,,,,,
385,Colheita Porto,Vista Alegre,2004,3.9,28.03,Porto,Portugal,Touriga Nacional,,,,,
396,Quinta do Porto 10 Anos Tawny Port,Ferreira,2010,4.2,21.28,Porto,Portugal,Touriga Nacional,,,,,
403,Muscat de Beaumes de Venise Le Chant des Griolles,Paul Jaboulet Aîné,2014,3.8,22.99,Muscat de Beaumes de Venise,France,,,,,,
406,Late Bottled Vintage Unfiltered Port,Quinta do Noval,2012,3.9,24.31,Porto,Portugal,Touriga Nacional,,,,,
421,Eléctrico Fino del Lagar,Toro Albalá,N.V.,3.5,25.0,Montilla-Moriles,Spain,Pedro Ximenez,3.33375,4.80125,4.19,,
423,Late Bottled Vintage Port,Niepoort,2015,3.9,20.7,Porto,Portugal,Touriga Nacional,,,,,
425,Late Bottled Vintage Port,Quinta de La Rosa,2015,3.6,21.93,Porto,Portugal,Touriga Nacional,,,,,
426,Late Bottled Vintage Port,Taylor's,2016,3.8,22.99,Porto,Portugal,Touriga Nacional,,,,,
434,Dalva Tawny 10 Years Old Port,C. da Silva,N.V.,4.0,24.99,Porto,Portugal,Touriga Nacional,,,,,
439,Dalva Colheita Porto,C. da Silva,2007,3.9,29.8,Porto,Portugal,Touriga Nacional,,,,,
443,Dalva Ruby Porto,C. da Silva,N.V.,3.6,7.94,Porto,Portugal,Touriga Nacional,,,,,
445,Late Bottled Vintage Port,Churchill's,2003,4.0,29.89,Porto,Portugal,Touriga Nacional,,,,,
447,Rivesaltes Grenat Vin Doux Naturel,Cazes,2014,3.7,17.99,Rivesaltes,France,,,,,,
458,Late Bottled Vintage Port,Quinta do Crasto,2005,4.1,13.9,Porto,Portugal,Touriga Nacional,,,,,
462,Muscat de Beaumes-de-Venise,Domaine de Durban,2013,4.1,15.99,Beaumes-de-Venise,France,,,,,,
464,Late Bottled Vintage Port,Delaforce,2011,3.6,16.99,Porto,Portugal,Touriga Nacional,,,,,
465,Tonel 12 10 Years Old Tawny Port,Quinta de La Rosa,2012,4.2,29.99,Porto,Portugal,Touriga Nacional,,,,,
475,Caldas Ruby Special Reserve Port,Alves de Sousa,N.V.,4.2,15.45,Porto,Portugal,Touriga Nacional,,,,,
482,Late Bottled Vintage Port,Taylor's,2010,3.8,25.99,Porto,Portugal,Touriga Nacional,,,,,
483,10 Year Old Tawny Port,Taylor's,2015,3.8,28.99,Porto,Portugal,Touriga Nacional,,,,,
486,Vintage Port,Quinta do Portal,2013,3.7,24.37,Porto,Portugal,Touriga Nacional,,,,,
488,Late Bottled Vintage Port,Niepoort,2005,3.9,27.99,Porto,Portugal,Touriga Nacional,,,,,
490,Late Bottled Vintage Port,Warre's,2002,4.2,29.99,Porto,Portugal,Touriga Nacional,,,,,
493,Porto Ruby Velhotes,Cálem,N.V.,3.7,7.94,Porto,Portugal,Touriga Nacional,,,,,
520,Late Bottled Vintage Unfiltered Port,Fonseca,2012,4.1,22.0,Porto,Portugal,Touriga Nacional,,,,,
531,Late Bottled Vintage Unfiltered Port,Fonseca,2015,4.0,18.47,Porto,Portugal,Touriga Nacional,,,,,
533,10 Anos White Port,Vieira de Sousa,N.V.,4.0,29.01,Porto,Portugal,Gouveio,,,,,
534,Porto Valdouro Ruby Port,Krohn,N.V.,3.8,8.99,Porto,Portugal,Touriga Nacional,,,,,
535,The Tawny Port,W. & J. Graham's,N.V.,4.0,20.09,Porto,Portugal,Touriga Nacional,,,,,
536,Moscatel de Setúbal,Bacalhôa,2017,3.8,10.38,Setúbal,Portugal,Moscatel de Alejandría,3.0080342,3.2938737999999996,3.4969775999999997,,
539,Pálido Sierra Morena Dry Seco,Gomez Nevado,N.V.,3.4,16.99,Córdoba,Spain,Palomino,4.0,4.0,3.85,,
542,Original Exceptional Harvest,Bodegas Ximénez-Spínola,2018,4.1,21.86,Jerez-Xérès-Sherry,Spain,Pedro Ximenez,3.188834,4.6735815999999994,4.438496,,
555,Late Bottled Vintage Port,W. & J. Graham's,2015,3.9,18.99,Porto,Portugal,Touriga Nacional,,,,,
558,10 Year Old Tawny Port,W. & J. Graham's,2010,4.1,24.33,Porto,Portugal,Touriga Nacional,,,,,
562,Dalva Tawny Porto,C. da Silva,N.V.,3.7,10.99,Porto,Portugal,Touriga Nacional,,,,,
563,L.B.V Port,Kopke,2015,3.9,22.6,Porto,Portugal,Touriga Nacional,,,,,
565,Malamado Malbec,Zuccardi,2013,3.6,22.99,Mendoza,Argentina,Malbec,2.502118,3.9104095,4.3664966,2.316115,"Extremely popular, Argentinian Malbec is an inky, medium-bodied, dry red wine with strong impressions of dark fruits on the nose and palate. This wine tends to have mellower tannins than its French counterpart.

Heavily dependent on where they are grown for variations in flavor, Argentinian Malbec has quickly become a world favorite due to the characteristics that the high altitude climate and soils impart to the fruit.

Originally from France, it is one of the original 5 “Bordeaux” grapes. It is scarcely planted in France anymore.

It has found an amazingly hospitable home in the mountains of Argentina from which some of the world's best selling Malbecs are grown.

Starkly different from French versions in structure and flavor, this wine is a good investment for collectors, as the wine can age for several years before drinking.This wine also pairs very well with any savory red meat dish-- particularly dishes that include spice."
566,Muscat de Beaumes de Venise,Domaine de la Pigeade,2013,3.8,13.99,Muscat de Beaumes de Venise,France,,,,,,
567,Antique Tawny,Yalumba,N.V.,4.2,24.99,South Australia,Australia,,,,,,
570,Magalhães LBV Porto,Quinta do Silval,2013,3.8,23.99,Porto,Portugal,Touriga Nacional,,,,,
571,Late Bottled Vintage Port,Cockburn's,2012,3.8,20.9,Porto,Portugal,Touriga Nacional,,,,,
572,Late Bottled Vintage Port,Churchill's,2005,4.0,28.99,Porto,Portugal,Touriga Nacional,,,,,
573,Late Bottled Vintage Port,Krohn,2004,4.1,25.99,Porto,Portugal,Touriga Nacional,,,,,
592,Late Bottled Vintage Port,Taylor's,2011,3.9,19.95,Porto,Portugal,Touriga Nacional,,,,,
594,Moscatel de Setúbal Superior,Quinta do Piloto,2012,4.1,14.47,Península de Setúbal,Portugal,Moscatel de Alejandría,,,,,
620,Late Bottled Vintage Port,Smith Woodhouse,2004,4.1,25.08,Porto,Portugal,Touriga Nacional,,,,,
638,Late Bottled Vintage Port,Quinta de La Rosa,2014,3.9,23.15,Porto,Portugal,Touriga Nacional,,,,,
639,Late Bottled Vintage Port,Quinta do Noval,2012,3.8,21.59,Porto,Portugal,Touriga Nacional,,,,,
641,Reserve Ruby Port,Churchill's,N.V.,3.9,14.98,Cima Corgo,Portugal,Touriga Nacional,,,,,
646,Late Bottled Vintage Port,Barros,2015,4.0,26.7,Porto,Portugal,Touriga Nacional,,,,,
649,Late Bottled Vintage Unfiltered Port,Quinta do Noval,2013,3.9,27.24,Porto,Portugal,Touriga Nacional,,,,,
650,Dalva Dry White Porto,C. da Silva,N.V.,3.7,13.74,Porto,Portugal,Gouveio,,,,,
653,10 Years Old Tawny Port,Churchill's,2010,4.1,26.22,Porto,Portugal,Touriga Nacional,,,,,
658,Late Bottled Vintage Port,Warre's,2008,3.7,22.99,Porto,Portugal,Touriga Nacional,,,,,
660,Porto Late Bottled Vintage,Quinta do Portal,2013,4.0,26.98,Porto,Portugal,Touriga Nacional,,,,,
661,5 Year Old Sercial Madeira (Dry),Blandy's,N.V.,3.7,21.49,Sercial Madeira,Portugal,Verdelho,4.0269074,4.076185700000001,3.4393814,,
668,Late Bottled Vintage Port,Dow's,2012,3.8,20.99,Porto,Portugal,Touriga Nacional,,,,,
669,Late Bottled Vintage Port,Cockburn's,2008,3.7,19.99,Porto,Portugal,Touriga Nacional,,,,,
670,Late Bottled Vintage Unfiltered Port,Fonseca,2009,4.0,27.49,Porto,Portugal,Touriga Nacional,,,,,
676,Late Bottled Vintage Porto,Quinta do Infantado,2012,4.1,22.99,Porto,Portugal,Touriga Nacional,,,,,
681,Late Bottled Vintage Port,Cockburn's,2011,3.7,22.99,Porto,Portugal,Touriga Nacional,,,,,
683,Anada Pedro Ximenez,Bodegas Ximénez-Spínola,2014,4.2,23.88,Jerez-Xérès-Sherry,Spain,Pedro Ximenez,3.167102,4.2930207000000005,4.6677556,,
685,Late Bottled Vintage Porto,Quinta de Santa Eufémia,2014,3.8,25.0,Porto,Portugal,Touriga Nacional,,,,,
686,Late Bottled Vintage Port,W. & J. Graham's,2011,4.0,22.99,Porto,Portugal,Touriga Nacional,,,,,
689,Late Bottled Vintage Port,Krohn,2007,3.9,19.99,Porto,Portugal,Touriga Nacional,,,,,
699,Reserva Moscatel de Setúbal,António Saramago,2013,3.9,22.9,Setúbal,Portugal,Moscatel de Alejandría,2.9399998,3.3733332000000003,2.8133333,,
705,Cedovim Porto Tawny 20 Years Old,Agostinho Amavel Costa,N.V.,4.3,29.99,Porto,Portugal,Touriga Nacional,,,,,
706,Late Bottled Vintage Port,Burmester,2014,4.2,23.99,Porto,Portugal,Touriga Nacional,,,,,
708,Vintage Blanc,Mas Amiel,2018,3.8,21.99,Maury,France,,,,,,
711,Vintage Port,Seara d'Ordens,2008,4.0,28.46,Porto,Portugal,Touriga Nacional,,,,,
716,Late Bottled Vintage Port,Quinta de La Rosa,2013,4.1,23.48,Porto,Portugal,Touriga Nacional,,,,,
722,Late Bottled Vintage Porto,Poças,2013,3.7,24.37,Porto,Portugal,Touriga Nacional,,,,,
723,La Ola del Melillero Pedro Ximenez - Moscatel de Alejandría,Victoria Ordoñez,2017,3.8,17.98,Sierras de Málaga,Spain,,,,,,
738,Targa Riserva 1840 Marsala Superiore Semisecco,Florio,2006,3.8,17.99,Marsala,Italy,,,,,,
739,Cuvée Thérèse Reig Banyuls,Domaine de la Rectorie,2017,4.0,21.99,Banyuls,France,,,,,,
745,Dona Antonia Reserva Branco Porto,Ferreira,N.V.,4.0,16.49,Porto,Portugal,Gouveio,,,,,
759,Late Bottled Vintage Port,Churchill's,2013,3.7,22.9,Porto,Portugal,Touriga Nacional,,,,,
761,Late Bottled Vintage Porto,Royal Oporto,2014,3.9,22.0,Porto,Portugal,Touriga Nacional,,,,,
762,Late Bottled Vintage Port,Warre's,2004,4.1,24.99,Porto,Portugal,Touriga Nacional,,,,,
765,Dalva Colheita Porto,C. da Silva,2004,3.8,32.73,Porto,Portugal,Touriga Nacional,,,,,
768,Late Bottled Vintage Port,Niepoort,2013,3.9,27.99,Porto,Portugal,Touriga Nacional,,,,,
772,Late Bottled Vintage Port,Taylor's,2012,3.9,21.99,Porto,Portugal,Touriga Nacional,,,,,
778,Del Duque Amontillado Sherry VORS,Gonzalez-Byass,N.V.,4.2,54.99,Amontillado Sherry,Spain,Palomino,3.8826704,3.8761360000000002,2.675568,,
779,Vintage Port,Poças,2009,4.2,44.09,Porto,Portugal,Touriga Nacional,,,,,
782,Colheita Port,Niepoort,2007,4.1,40.37,Porto,Portugal,Touriga Nacional,,,,,
784,Banyuls Vin Doux Naturel,Gérard Bertrand,2014,3.9,16.39,Banyuls,France,,,,,,
788,White Port,Churchill's,N.V.,3.8,29.68,Porto,Portugal,Gouveio,,,,,
793,Solera 1847 Cream,Gonzalez-Byass,N.V.,3.9,20.0,Jerez-Xérès-Sherry,Spain,Palomino,3.388218,3.7885372999999998,4.0860906,,
798,Leyenda Oloroso Sherry,Gil Luque,N.V.,3.5,12.93,Oloroso Sherry,Spain,Palomino,4.0146155,4.0,3.6346154000000004,,
807,10 Years Old White Port,Quinta de Santa Eufémia,N.V.,4.1,29.99,Porto,Portugal,Gouveio,,,,,
809,Late Bottled Vintage Port,Quinta do Crasto,2015,4.2,27.48,Porto,Portugal,Touriga Nacional,,,,,
810,Pedro Ximenez 1827 Jerez-Xeres-Sherry,Osborne,N.V.,3.9,17.59,Pedro Ximénez Sherry (PX),Spain,Pedro Ximenez,2.8710206,4.8233237,4.9469970000000005,,
811,Lagrima Fine White Port,Krohn,N.V.,3.8,12.52,Porto,Portugal,Gouveio,,,,,
813,Don PX Pedro Ximenez,Toro Albalá,2018,4.1,20.09,Montilla-Moriles,Spain,Pedro Ximenez,3.0032674999999998,4.8115416,4.9038606,,
